english,telugu
It's time to get up.,ఇది లేవడానికి సమయం.
a famous speech,ఒక ప్రసిద్ధ ప్రసంగం
Stop protecting me.,నన్ను రక్షించడం ఆపు.
I think you should leave well enough alone.,మీరు ఒంటరిగా తగినంతగా వదిలివేయాలని నేను అనుకుంటున్నాను.
Take this chair. It's sturdy.,ఈ కుర్చీ తీసుకోండి.
I was unable to control myself any longer.,నేను ఇకపై నన్ను నియంత్రించలేకపోయాను.
Tom is going to miss you.,టామ్ మిమ్మల్ని కోల్పోతాడు.
I don't know how much money Tom and Mary spend.,టామ్ మరియు మేరీ ఎంత డబ్బు ఖర్చు చేస్తారో నాకు తెలియదు.
Tom and I are going to the mall.,టామ్ మరియు నేను మాల్‌కు వెళ్తున్నాము.
Take over.,స్వాధీనం చేసుకోండి.
I wonder if Tom would really do something like that.,టామ్ నిజంగా అలాంటిదే చేస్తాడా అని నేను ఆశ్చర్యపోతున్నాను.
Directions,దిశలు
Tom didn't say how he planned to get there.,టామ్ అతను అక్కడికి ఎలా వెళ్ళాలో ప్లాన్ చేయలేదు.
I don't know why I even bother anymore.,నేను ఇక ఎందుకు బాధపడుతున్నానో నాకు తెలియదు.
Tom continued laughing.,టామ్ నవ్వుతూనే ఉన్నాడు.
I understand your problem.,మీ సమస్య నాకు అర్థమైంది.
Almost no one thinks that we are sisters.,మేము సోదరీమణులు అని దాదాపు ఎవరూ అనుకోరు.
Tom's paralyzed.,టామ్ స్తంభించిపోయాడు.
I think I need braces.,నాకు కలుపులు అవసరమని అనుకుంటున్నాను.
How much money do we need?,మనకు ఎంత డబ్బు అవసరం?
I want to make some changes.,నేను కొన్ని మార్పులు చేయాలనుకుంటున్నాను.
I thought that Tom was guilty.,టామ్ దోషి అని నేను అనుకున్నాను.
Tom didn't know Mary wanted him to help her.,మేరీ తనకు సహాయం చేయాలని టామ్కు తెలియదు.
I wonder which way is the shortest.,ఏ మార్గం చిన్నది అని నేను ఆశ్చర్యపోతున్నాను.
What would you like to buy your mother for her birthday?,మీ తల్లి పుట్టినరోజు కోసం మీరు ఏమి కొనాలనుకుంటున్నారు?
You can't know that.,అది మీకు తెలియదు.
Where are you from..?,నువ్వు ఎక్కడ నుంచి వచ్చావు..?
I knew that it was time to leave.,ఇది బయలుదేరే సమయం అని నాకు తెలుసు.
Let's do what Tom wants us to do.,టామ్ మనం ఏమి చేయాలనుకుంటున్నాడో అది చేద్దాం.
I have things on my mind.,నా మనస్సులో విషయాలు ఉన్నాయి.
The policeman put handcuffs on Tom.,పోలీసు టామ్‌పై హస్తకళలు పెట్టాడు.
Let's talk about your work.,మీ పని గురించి మాట్లాడుకుందాం.
I've got a little problem.,నాకు కొద్దిగా సమస్య వచ్చింది.
Tom put the kids to bed.,టామ్ పిల్లలను మంచానికి పెట్టాడు.
Tom swam with the dolphins.,టామ్ డాల్ఫిన్లతో ఈదుకున్నాడు.
I didn't think Tom was going to be here.,టామ్ ఇక్కడ ఉంటాడని నేను అనుకోలేదు.
Tom isn't used to city life.,టామ్ నగర జీవితానికి అలవాటుపడలేదు.
I've been to the supermarket.,నేను సూపర్ మార్కెట్‌కు వెళ్లాను.
It may rain tomorrow.,రేపు వర్షం పడవచ్చు.
Put out your cigarettes.,మీ సిగరెట్లు బయట పెట్టండి.
Is that enough?,అది సరిపోతుందా?
Tom is still an amateur.,టామ్ ఇప్పటికీ te త్సాహిక వ్యక్తి.
I want you to have a copy of this.,దీని కాపీని మీరు కలిగి ఉండాలని నేను కోరుకుంటున్నాను.
The lighting blinded me for a while.,లైటింగ్ కాసేపు నన్ను కళ్ళుమూసుకుంది.
He predicted she would win.,ఆమె గెలుస్తుందని అతను icted హించాడు.
The damage was covered by insurance.,నష్టం భీమా పరిధిలోకి వచ్చింది.
We started to walk.,మేము నడవడం ప్రారంభించాము.
I won't let anybody hurt you.,మిమ్మల్ని ఎవరూ బాధపెట్టనివ్వను.
She wrote the book about people she visited.,ఆమె సందర్శించిన వ్యక్తుల గురించి ఆమె పుస్తకం రాసింది.
Tom refused to answer our questions.,టామ్ మా ప్రశ్నలకు సమాధానం ఇవ్వడానికి నిరాకరించాడు.
Sold,విక్రయించబడింది
"Tom, do you have a moment?","టామ్, మీకు ఒక్క క్షణం ఉందా?"
I thought it was a mistake.,ఇది పొరపాటు అని నేను అనుకున్నాను.
You're not like everyone else.,మీరు అందరిలాగా లేరు.
We had a chance.,మాకు అవకాశం వచ్చింది.
Remember what we spoke about yesterday.,మేము నిన్న మాట్లాడినదాన్ని గుర్తుంచుకోండి.
Tom thought that Mary was John's sister.,టామ్ మేరీ జాన్ సోదరి అని అనుకున్నాడు.
I can't let you go alone.,నేను మిమ్మల్ని ఒంటరిగా వెళ్ళనివ్వలేను.
The group was made up of four young men.,ఈ బృందంలో నలుగురు యువకులు ఉన్నారు.
Tom told me that he was at school.,టామ్ అతను స్కూల్లో ఉన్నానని చెప్పాడు.
I swim in the sea every day.,నేను ప్రతి రోజు సముద్రంలో ఈత కొడతాను.
My parents won't let me date.,నా తల్లిదండ్రులు నన్ను డేటింగ్ చేయనివ్వరు.
"Telugu, english, tamil, french","తెలుగు, ఇంగ్లీష్, తమిళం, ఫ్రెంచ్"
Tom says he's won.,టామ్ తాను గెలిచానని చెప్పాడు.
I don't have a Twitter account.,నాకు ట్విట్టర్ ఖాతా లేదు.
Tom didn't need to wait.,టామ్ వేచి ఉండాల్సిన అవసరం లేదు.
Proud to be an Indian.,భారతీయుడిగా గర్విస్తున్నాను.
This street used to have another name.,ఈ వీధికి మరొక పేరు ఉండేది.
Please stay inside.,దయచేసి లోపల ఉండండి.
Tom can't decide which approach to take.,ఏ విధానాన్ని తీసుకోవాలో టామ్ నిర్ణయించలేడు.
Tom's daughter is now thirteen.,టామ్ కుమార్తెకు ఇప్పుడు పదమూడు సంవత్సరాలు.
They keep calling.,వారు కాల్ చేస్తూనే ఉంటారు.
The poor girl went blind.,పేద అమ్మాయి అంధురాలైంది.
What did you cook for dinner?,విందు కోసం మీరు ఏమి వండుకున్నారు?
"Mary's not pretty, but she isn't ugly, either.","మేరీ అందంగా లేదు, కానీ ఆమె అగ్లీ కాదు."
The house requires repairs.,ఇంటికి మరమ్మతులు అవసరం.
I know Tom is talkative.,టామ్ మాట్లాడేవాడు అని నాకు తెలుసు.
I love making desserts.,నాకు డెజర్ట్‌లు తయారు చేయడం చాలా ఇష్టం.
We've been looking for you everywhere.,మేము ప్రతిచోటా మీ కోసం వెతుకుతున్నాము.
What were we thinking?,మేము ఏమి ఆలోచిస్తున్నాము?
I'm not sure if I'm going to be able to be there on time.,నేను సమయానికి అక్కడ ఉండగలనా అని నాకు తెలియదు.
Tom got in his car and left.,టామ్ తన కారులో దిగి వెళ్ళిపోయాడు.
Don't you feel cold?,మీకు చలి అనిపించలేదా?
A vibrant city with a rich cultural heritage and a thriving economy.,గొప్ప సాంస్కృతిక వారసత్వం మరియు అభివృద్ధి చెందుతున్న ఆర్థిక వ్యవస్థతో శక్తివంతమైన నగరం.
It was eighty meters long.,ఇది ఎనభై మీటర్ల పొడవు.
I just got here this morning.,నేను ఈ ఉదయం ఇక్కడకు వచ్చాను.
He didn't get caught.,అతను చిక్కుకోలేదు.
"Hopefully, we'll see Tom today.","ఆశాజనక, మేము ఈ రోజు టామ్‌ను చూస్తాము."
Japan is subject to earthquakes.,జపాన్ భూకంపాలకు లోబడి ఉంది.
Please do something about it.,దయచేసి దాని గురించి ఏదైనా చేయండి.
Tom doesn't want to go there alone.,టామ్ ఒంటరిగా అక్కడికి వెళ్లడం ఇష్టం లేదు.
I want to apologize for everything I said.,నేను చెప్పిన ప్రతిదానికీ క్షమాపణ చెప్పాలనుకుంటున్నాను.
He is the oldest of them all.,వాటన్నిటిలో ఆయన పెద్దవాడు.
Tom asked me how many countries I'd visited.,నేను ఎన్ని దేశాలను సందర్శించాను అని టామ్ నన్ను అడిగాడు.
I know that Tom was first.,టామ్ మొదటివాడు అని నాకు తెలుసు.
You're the perfect girlfriend.,నువ్వు పరిపూర్ణ స్నేహితురాలు.
How do I know you didn't do it?,మీరు దీన్ని చేయలేదని నాకు ఎలా తెలుసు?
Mary doesn't want to end up being an old maid.,మేరీ పాత పనిమనిషిగా ఉండటానికి ఇష్టపడదు.
I didn't know you'd be jealous.,మీరు అసూయపడతారని నాకు తెలియదు.
I met him just as he was coming out of school.,అతను పాఠశాల నుండి బయటకు వస్తున్నప్పుడే నేను అతనిని కలుసుకున్నాను.
Did you really dream about me?,మీరు నిజంగా నా గురించి కలలు కన్నారా?
Is that tall man this boy's father?,ఆ పొడవైన మనిషి ఈ అబ్బాయి తండ్రి?
Let's not start a fight.,పోరాటం ప్రారంభించనివ్వండి.
All the children like you.,పిల్లలందరూ మీకు ఇష్టం.
How are you,మీరు ఎలా ఉన్నారు
great movie,గొప్ప సినిమా
Has Tom officially retired?,టామ్ అధికారికంగా పదవీ విరమణ పొందారా?
Very very good,చాలా చాలా మంచిది
Tom told Mary to tell the truth.,టామ్ మేరీకి నిజం చెప్పమని చెప్పాడు.
I'll go if you will.,మీరు కోరుకుంటే నేను వెళ్తాను.
I'll arrive on October 20th.,నేను అక్టోబర్ 20 న వస్తాను.
Tom doesn't want to do his homework right now.,టామ్ ప్రస్తుతం తన ఇంటి పని చేయాలనుకోవడం లేదు.
Where are you going,మీరు ఎక్కడికి వెళుతున్నారు
I'm a very lucky man.,నేను చాలా అదృష్టవంతుడిని.
Can she come in time?,ఆమె సమయానికి రాగలదా?
Do you know this part of the city very well?,నగరంలోని ఈ భాగం మీకు బాగా తెలుసా?
"A group of foreigners arrived in Edo, in other words Tokyo.","విదేశీయుల బృందం ఎడోకు చేరుకుంది, మరో మాటలో చెప్పాలంటే టోక్యో."
Tom will need to do that sooner or later.,టామ్ త్వరగా లేదా తరువాత చేయవలసి ఉంటుంది.
Her predictions have come true.,ఆమె అంచనాలు నిజమయ్యాయి.
My grandfather has gray hair.,నా తాతకు బూడిద జుట్టు ఉంది.
I've never been to Australia.,నేను ఎప్పుడూ ఆస్ట్రేలియాకు వెళ్ళలేదు.
He came back home a while ago.,అతను కొద్దిసేపటి క్రితం ఇంటికి తిరిగి వచ్చాడు.
"Cloudy, rainy,sunny","మేఘావృతం, వర్షం, ఎండ"
I've already spoken to Tom about that.,నేను ఇప్పటికే టామ్‌తో దాని గురించి మాట్లాడాను.
Tom switched off the dryer.,టామ్ డ్రైయర్‌ను స్విచ్ ఆఫ్ చేశాడు.
Tom doesn't like competition.,టామ్‌కు పోటీ నచ్చలేదు.
Tom wants Mary and I to do that by ourselves.,టామ్ మేరీ మరియు నేను మనమే చేయాలని కోరుకుంటున్నాను.
Tom and Mary said they'd be a bit late.,టామ్ మరియు మేరీ కొంచెం ఆలస్యం అవుతారని చెప్పారు.
I don't know what you want me to do.,నేను ఏమి చేయాలనుకుంటున్నానో నాకు తెలియదు.
I have nothing to do this afternoon.,ఈ మధ్యాహ్నం నాకు ఏమీ లేదు.
She told me you were sick.,మీరు అనారోగ్యంతో ఉన్నారని ఆమె నాకు చెప్పారు.
I am a monk.,నేను సన్యాసిని.
Everybody knows that he is honest.,అతను నిజాయితీపరుడని అందరికీ తెలుసు.
Tom left his hat in my room.,టామ్ తన టోపీని నా గదిలో వదిలేశాడు.
Gangadhar lives with his family.,గంగాధర్ కుటుంబంతో కలిసి ఉంటున్నాడు.
It caught my eye.,ఇది నా దృష్టిని ఆకర్షించింది.
I think what you did was a mistake.,మీరు చేసినది పొరపాటు అని నేను అనుకుంటున్నాను.
You're an excellent writer.,మీరు అద్భుతమైన రచయిత.
They were all actors.,వారంతా నటులు.
How many English words do you know?,మీకు ఎన్ని ఆంగ్ల పదాలు తెలుసు?
Tom is in the prime of his life.,టామ్ తన జీవితంలో ప్రధానంగా ఉన్నాడు.
I have no time left.,నాకు సమయం లేదు.
The only spice Tom puts on meat is pepper.,టామ్ మాంసం మీద ఉంచే మసాలా మిరియాలు మాత్రమే.
Don't you watch movies?,మీరు సినిమాలు చూడలేదా?
He dug a hole in the garden.,అతను తోటలో ఒక రంధ్రం తవ్వించాడు.
Give a thief enough rope and he'll hang himself.,ఒక దొంగకు తగినంత తాడు ఇవ్వండి మరియు అతను ఉరి వేసుకుంటాడు.
Tom swore he wouldn't do that.,టామ్ తాను అలా చేయనని ప్రమాణం చేశాడు.
Tom's handwriting is unreadable.,టామ్ చేతివ్రాత చదవలేనిది.
I let him get the credit.,నేను అతనిని క్రెడిట్ పొందటానికి అనుమతించాను.
Why pay when you can get it for free?,మీరు ఉచితంగా పొందగలిగినప్పుడు ఎందుకు చెల్లించాలి?
Tom says Mary often eats bananas.,మేరీ తరచుగా అరటిపండ్లు తింటున్నట్లు టామ్ చెప్పారు.
Tom's sister paved the way for him to become a lawyer.,టామ్ సోదరి అతనికి న్యాయవాదిగా మారడానికి మార్గం సుగమం చేసింది.
Tom didn't want to admit he was scared.,టామ్ తాను భయపడ్డానని ఒప్పుకోవటానికి ఇష్టపడలేదు.
"You'll be on time, won't you?","మీరు సమయానికి వస్తారు, కాదా?"
I just need to blow off some steam.,నేను కొన్ని ఆవిరిని పేల్చివేయాలి.
Cricket player from Chennai,చెన్నైకి చెందిన క్రికెట్ ప్లేయర్
Tom put on his black suit and white tie.,టామ్ తన బ్లాక్ సూట్ మరియు వైట్ టై ధరించాడు.
Tom asked Mary to wait for him here.,టామ్ మేరీని ఇక్కడ తన కోసం వేచి ఉండమని కోరాడు.
Are you going or not?,మీరు వెళ్తున్నారా లేదా?
You shouldn't trust anything Tom says.,టామ్ చెప్పిన దేన్నీ మీరు నమ్మకూడదు.
Strange things happened that night.,ఆ రాత్రి వింతైన విషయాలు జరిగాయి.
It's going to be a long trip.,ఇది సుదీర్ఘ యాత్ర కానుంది.
I want you to put out that cigarette.,మీరు ఆ సిగరెట్ బయట పెట్టాలని నేను కోరుకుంటున్నాను.
She wanted him to say that he loved her.,అతను తనను ప్రేమిస్తున్నాడని అతను చెప్పాలని ఆమె కోరుకుంది.
"S. P. B sang over 40,000 songs in various languages and was one of the most versatile and popular singers of his time.","S. P. B వివిధ భాషలలో 40,000 పాటలు పాడారు మరియు అతని కాలంలోని అత్యంత బహుముఖ మరియు ప్రసిద్ధ గాయకులలో ఒకరు."
She knows nothing about your family.,మీ కుటుంబం గురించి ఆమెకు ఏమీ తెలియదు.
Tom was stupid enough to challenge Mary to a game of chess.,"టామ్ తెలివితక్కువవాడు, చెస్ ఆటకు మేరీని సవాలు చేసేవాడు."
You're my boss.,నువ్వు నా బాస్.
President Monroe was a slave-owner.,అధ్యక్షుడు మన్రో బానిస యజమాని.
He goes fishing every other day.,అతను ప్రతిరోజూ చేపలు పట్టడానికి వెళ్తాడు.
Tom was the only one not sitting.,టామ్ మాత్రమే కూర్చోలేదు.
Where can I exchange foreign currency?,నేను విదేశీ కరెన్సీని ఎక్కడ మార్పిడి చేసుకోగలను?
Which umbrella is yours?,ఏ గొడుగు మీది?
I've burnt the toast.,నేను తాగడానికి కాల్చాను.
Tom and I are planning on getting married on October 20th.,టామ్ మరియు నేను అక్టోబర్ 20 న వివాహం చేసుకోవాలని యోచిస్తున్నాము.
I threw the ball.,నేను బంతిని విసిరాను.
Why did that have to happen to us?,అది మనకు ఎందుకు జరగాలి?
How much money do you think Tom makes?,టామ్ ఎంత డబ్బు సంపాదించాడని మీరు అనుకుంటున్నారు?
He must be a good walker to have walked such a long distance.,ఇంత దూరం నడవడానికి అతను మంచి వాకర్ అయి ఉండాలి.
Tom refused to help Mary.,టామ్ మేరీకి సహాయం చేయడానికి నిరాకరించాడు.
Why did you want to speak to me?,మీరు నాతో ఎందుకు మాట్లాడాలనుకున్నారు?
I've been expecting your call.,నేను మీ కాల్‌ను ఆశిస్తున్నాను.
Please accept my apology.,దయచేసి నా క్షమాపణను అంగీకరించండి.
Tom wants to end this.,టామ్ దీనిని అంతం చేయాలనుకుంటున్నాడు.
Maybe we should stop at a gas station to ask for directions.,ఆదేశాలు అడగడానికి మనం గ్యాస్ స్టేషన్ వద్ద ఆగాలి.
Several ships are stuck in sea ice in Antarctica.,అంటార్కిటికాలో అనేక నౌకలు సముద్రపు మంచులో చిక్కుకున్నాయి.
Tom put the map on the table.,టామ్ మ్యాప్‌ను టేబుల్‌పై ఉంచాడు.
Where are you located?,మీరు ఎక్కడ ఉన్నారు?
Would you like a glass of water?,మీరు ఒక గ్లాసు నీరు కావాలనుకుంటున్నారా?
I used to be poor like you.,నేను మీలాగే పేదవాడిని.
It's always darkest before the dawn.,తెల్లవారేముందు ఎప్పుడూ చీకటిగానే ఉంటుంది.
The rice crop is poor this year.,ఈ సంవత్సరం వరి పంట పేలవంగా ఉంది.
I told Tom you'd wait.,నేను వేచి ఉండాలని టామ్ కి చెప్పాను.
It could be a weapon.,ఇది ఆయుధం కావచ్చు.
I'm not strong enough to do that.,నేను అలా చేయటానికి బలంగా లేను.
She's the French ambassador to Portugal.,ఆమె పోర్చుగల్‌లోని ఫ్రెంచ్ రాయబారి.
It  is one of the most visited pilgrimage sites in the world.,ప్రపంచంలో అత్యధికంగా సందర్శించే తీర్థయాత్రలలో ఇది ఒకటి.
Tom doesn't want to leave.,టామ్ వదిలి వెళ్ళడం ఇష్టం లేదు.
How many people know about this?,దీని గురించి ఎంత మందికి తెలుసు?
The worst is behind us.,చెత్త మన వెనుక ఉంది.
ram kills ravana.,రాముడు రావణుడిని చంపాడు.
"Rajinikanth is a popular Indian actor who has worked in Tamil, Telugu, Hindi, Kannada, and other Indian languages films.","రజనీకాంత్ తమిళం, తెలుగు, హిందీ, కన్నడ మరియు ఇతర భారతీయ భాషల చిత్రాలలో పనిచేసిన ప్రముఖ భారతీయ నటుడు."
Tom is between jobs.,టామ్ ఉద్యోగాల మధ్య ఉన్నాడు.
He was wearing a tuxedo.,అతను తక్సేడో ధరించాడు.
Today is my sixteenth birthday.,ఈ రోజు నా పదహారవ పుట్టినరోజు.
This doesn't happen very often.,ఇది చాలా తరచుగా జరగదు.
Why are you yawning?,మీరు ఎందుకు ఆవలిస్తున్నారు?
Tom let me stay with Mary.,టామ్ నన్ను మేరీతో కలిసి ఉండనివ్వండి.
Don't ruin our fun.,మా సరదాని నాశనం చేయవద్దు.
I need to go to the bank.,నేను బ్యాంకుకు వెళ్లాలి.
Tom's death was mysterious.,టామ్ మరణం మర్మమైనది.
"You've never had a boyfriend, have you?","మీకు ఎప్పుడూ బాయ్‌ఫ్రెండ్ లేరు, లేదా?"
About how much will it cost?,దీని ధర ఎంత?
singers,గాయకులు
It's happening too fast.,ఇది చాలా వేగంగా జరుగుతోంది.
I am not a foodie.,నేను భోజనప్రియుడిని కాదు.
I'm not going to tell Tom anything.,నేను టామ్‌కు ఏమీ చెప్పను.
Tom showed Mary the scar on his leg.,టామ్ మేరీకి తన కాలు మీద ఉన్న మచ్చను చూపించాడు.
Both boys and girls should take cooking class in school.,బాలురు మరియు బాలికలు ఇద్దరూ పాఠశాలలో వంట తరగతి తీసుకోవాలి.
Tom and Mary understood each other.,టామ్ మరియు మేరీ ఒకరినొకరు అర్థం చేసుకున్నారు.
I got up at 8 o'clock today.,నేను ఈ రోజు 8 గంటలకు లేచాను.
We're a little early.,మేము కొంచెం ముందుగానే ఉన్నాము.
I don't care what will become of me.,నాలో ఏమి జరుగుతుందో నేను పట్టించుకోను.
Please keep this a secret.,దయచేసి దీన్ని రహస్యంగా ఉంచండి.
We're running short of food.,మేము ఆహారం తక్కువగా ఉన్నాము.
Hot climate,వేడి వాతావరణం
"You live here alone, don't you?","మీరు ఇక్కడ ఒంటరిగా నివసిస్తున్నారు, లేదా?"
Free books available,ఉచిత పుస్తకాలు అందుబాటులో ఉన్నాయి
Owls hunt at night.,గుడ్లగూబలు రాత్రి వేటాడతాయి.
"You saw them, didn't you?","మీరు వాటిని చూశారు, లేదా?"
Tom and Mary are planning to get a divorce.,టామ్ మరియు మేరీ విడాకులు తీసుకోవాలని యోచిస్తున్నారు.
They are going to send up a rocket.,వారు రాకెట్ పంపబోతున్నారు.
Tom has written down a list of things we need to do.,టామ్ మనం చేయవలసిన పనుల జాబితాను వ్రాశాడు.
She wrapped her arms around his neck.,ఆమె అతని చేతులను అతని మెడలో చుట్టింది.
Tom says Mary wasn't at the meeting.,ఈ సమావేశంలో మేరీ లేడని టామ్ చెప్పారు.
When are we going to use it?,మేము దానిని ఎప్పుడు ఉపయోగించబోతున్నాం?
Could you tell me where Tom is?,టామ్ ఎక్కడ ఉన్నారో మీరు నాకు చెప్పగలరా?
I'd like to introduce Tom to Mary.,నేను టామ్‌ను మేరీకి పరిచయం చేయాలనుకుంటున్నాను.
Does that window open?,ఆ విండో తెరుచుకుంటుందా?
Tom is probably still hiding.,టామ్ బహుశా ఇప్పటికీ దాక్కున్నాడు.
Let's not fool ourselves.,మనల్ని మనం మోసం చేసుకోనివ్వండి.
We've been helping Tom.,మేము టామ్‌కు సహాయం చేస్తున్నాము.
The party finished at nine.,పార్టీ తొమ్మిదికి ముగిసింది.
Would you please pour me a cup of coffee?,దయచేసి నాకు ఒక కప్పు కాఫీ పోయాలా?
It's obsolete.,ఇది వాడుకలో లేదు.
You were almost in time.,మీరు దాదాపు సమయం లో ఉన్నారు.
It just won't work.,ఇది పనిచేయదు.
I know how it feels.,ఇది ఎలా అనిపిస్తుందో నాకు తెలుసు.
I demand that he be punished.,అతన్ని శిక్షించాలని నేను కోరుతున్నాను.
Tom taught me to play chess.,టామ్ నాకు చెస్ ఆడటం నేర్పించాడు.
Tom didn't need to explain it to me.,టామ్ దానిని నాకు వివరించాల్సిన అవసరం లేదు.
This will take some time.,దీనికి కొంత సమయం పడుతుంది.
How many times a year do you go skiing?,సంవత్సరానికి ఎన్నిసార్లు మీరు స్కీయింగ్‌కు వెళతారు?
Tom and Mary left alone.,టామ్ మరియు మేరీ ఒంటరిగా ఉన్నారు.
Tom continued digging.,టామ్ తవ్వడం కొనసాగించాడు.
Whales feed on small fish.,తిమింగలాలు చిన్న చేపలను తింటాయి.
I helped.,నేను సహాయం చేసాను.
"Shortly after the accident, the police came.",ప్రమాదం జరిగిన కొద్దిసేపటికే పోలీసులు వచ్చారు.
Is it OK if I eat one of these apples?,నేను ఈ ఆపిల్ల ఒకటి తింటే సరేనా?
Tom can't even write his own name yet.,టామ్ ఇంకా తన పేరును కూడా వ్రాయలేడు.
They're green.,అవి ఆకుపచ్చగా ఉన్నాయి.
Mary is Tom's daughter-in-law.,మేరీ టామ్ యొక్క అల్లుడు.
She drives an imported car.,ఆమె దిగుమతి చేసుకున్న కారును నడుపుతుంది.
Tom wanted me to do that for him.,టామ్ నేను అతని కోసం అలా చేయాలనుకున్నాను.
She is learning how to drive a car.,ఆమె కారు నడపడం నేర్చుకుంటుంది.
"It is a prime residential area that is known for its upscale homes, restaurants, and shopping centers.","ఇది ఉన్నత స్థాయి గృహాలు, రెస్టారెంట్లు మరియు షాపింగ్ కేంద్రాలకు ప్రసిద్ధి చెందిన ప్రధాన నివాస ప్రాంతం."
Let's leave as soon as he gets back.,అతను తిరిగి రాగానే బయలుదేరదాం.
I know you can't wait.,మీరు వేచి ఉండలేరని నాకు తెలుసు.
That man is dead.,ఆ మనిషి చనిపోయాడు.
What is the best concert you've ever been to?,మీరు ఇప్పటివరకు చేసిన ఉత్తమ కచేరీ ఏమిటి?
Tom stomped his foot angrily.,టామ్ కోపంగా తన పాదాన్ని కొట్టాడు.
I slept late and I missed the first train.,నేను ఆలస్యంగా నిద్రపోయాను మరియు నేను మొదటి రైలును కోల్పోయాను.
I didn't know Tom was at home.,టామ్ ఇంట్లో ఉన్నట్లు నాకు తెలియదు.
Tom looked both ways before crossing the road.,టామ్ రోడ్డు దాటడానికి ముందు రెండు మార్గాలు చూశాడు.
I don't think that Tom knows the rules yet.,టామ్‌కు ఇంకా నియమాలు తెలుసని నేను అనుకోను.
Tom is seldom home.,టామ్ చాలా అరుదుగా ఇంట్లోనే ఉంటాడు.
Telugu is known as italian of the east.,తెలుగును ఇటాలియన్ ఆఫ్ ది ఈస్ట్ అని పిలుస్తారు.
There's the bell.,గంట ఉంది.
Are you still interested in working for us?,మా కోసం పనిచేయడానికి మీకు ఇంకా ఆసక్తి ఉందా?
actor,నటుడు
"Whether you believe it or not, I want to get this thing over with as much as you do.","మీరు నమ్మినా, చేయకపోయినా, నేను మీరు చేసినంత మాత్రాన ఈ విషయాన్ని పొందాలనుకుంటున్నాను."
I heard that he left town and moved east.,అతను పట్టణం వదిలి తూర్పుకు వెళ్ళాడని నేను విన్నాను.
Tom thinks we're dead.,మేము చనిపోయామని టామ్ భావిస్తాడు.
Tom is sleeping in the living room.,టామ్ లివింగ్ రూమ్‌లో నిద్రిస్తున్నాడు.
We were eating apples.,మేము ఆపిల్ల తింటున్నాము.
Tom said you were busy.,టామ్ మీరు బిజీగా ఉన్నారని చెప్పారు.
Tom shouted at us in a gruff voice.,టామ్ చిరాకు గొంతులో మా వైపు అరిచాడు.
Tom can't afford to buy a yacht.,టామ్ ఒక పడవ కొనడానికి భరించలేడు.
The customer is not always right.,కస్టమర్ ఎల్లప్పుడూ సరైనది కాదు.
The water was ice cold.,నీరు మంచు చల్లగా ఉంది.
You've probably forgotten about it already.,మీరు ఇప్పటికే దాని గురించి మరచిపోయారు.
Turn it off.,దాన్ని ఆపివేయండి.
We don't know where they are now.,వారు ఇప్పుడు ఎక్కడ ఉన్నారో మాకు తెలియదు.
They traveled together.,వారు కలిసి ప్రయాణించారు.
Swami Vivekananda was a disciple of the great Indian saint.,స్వామి వివేకానంద గొప్ప భారతీయ సాధువు శిష్యుడు.
I was in Boston last winter.,నేను గత శీతాకాలంలో బోస్టన్‌లో ఉన్నాను.
Tom hit the ball so hard he split the bat.,"టామ్ బంతిని గట్టిగా కొట్టాడు, అతను బ్యాట్ను విభజించాడు."
Tom wasn't smiling when he entered the room.,గదిలోకి ప్రవేశించినప్పుడు టామ్ నవ్వలేదు.
Sister,సోదరి
Enjoy yourself.,సంతోషంగా ఉండు.
Can you tell us what it is?,అది ఏమిటో మాకు చెప్పగలరా?
I wonder whether or not Tom likes Boston.,టామ్ బోస్టన్‌ను ఇష్టపడుతున్నాడా లేదా అని నేను ఆశ్చర్యపోతున్నాను.
I was very excited.,నేను చాలా ఉత్సాహంగా ఉన్నాను.
Tom visited Mary.,టామ్ మేరీని సందర్శించాడు.
Tom certainly knew about the problem.,టామ్ ఖచ్చితంగా సమస్య గురించి తెలుసు.
Don't Tom and Mary work together?,టామ్ మరియు మేరీ కలిసి పనిచేయలేదా?
Easy language telugu,సులభమైన భాష తెలుగు
You and I should stick together.,మీరు మరియు నేను కలిసి ఉండాలి.
I want to wash my hair.,నేను నా జుట్టు కడగాలి.
Sunil is an ultimate comedian.,సునీల్ అంతిమ హాస్యనటుడు.
What are you planning on doing?,మీరు ఏమి చేయాలనుకుంటున్నారు?
"If you want quality, pay for it.","మీకు నాణ్యత కావాలంటే, దాని కోసం చెల్లించండి."
Why didn't you tell me all this before?,ఇవన్నీ మీరు ఇంతకు ముందు ఎందుకు నాకు చెప్పలేదు?
Native house,స్థానిక ఇల్లు
Meeting Tom was quite an experience for me.,టామ్‌ను కలవడం నాకు చాలా అనుభవం.
It must've been terrible.,ఇది భయంకరమైనది.
Shreya Ghoshal is a very popular and talented Indian playback singer.,శ్రేయా ఘోషల్ చాలా ప్రజాదరణ పొందిన మరియు ప్రతిభావంతులైన భారతీయ నేపథ్య గాయని.
It's likely a mistake.,ఇది పొరపాటు.
That was an experience.,అది ఒక అనుభవం.
We all want to be liked.,మనమందరం ఇష్టపడాలని కోరుకుంటున్నాము.
I like honey.,నాకు తేనె అంటే ఇష్టం.
The Normans conquered England in 1066.,నార్మన్లు 1066 లో ఇంగ్లాండ్‌ను జయించారు.
Tom has always wanted to study French.,టామ్ ఎప్పుడూ ఫ్రెంచ్ అధ్యయనం చేయాలనుకున్నాడు.
It's not serious.,ఇది తీవ్రంగా లేదు.
I have cut my finger.,నేను నా వేలు కత్తిరించాను.
Can you please tell me where the restaurant is?,దయచేసి రెస్టారెంట్ ఎక్కడ ఉందో చెప్పగలరా?
Tom asked Mary what was wrong.,టామ్ మేరీని తప్పు ఏమిటని అడిగాడు.
What do you think this is?,ఇది ఏమిటి?
Where do I sign up?,నేను ఎక్కడ సైన్ అప్ చేయాలి?
Tom started packing his suitcase.,టామ్ తన సూట్‌కేస్‌ను ప్యాక్ చేయడం ప్రారంభించాడు.
Tom is going to be jealous.,టామ్ అసూయపడబోతున్నాడు.
I forgot to lock the front door.,నేను ముందు తలుపు లాక్ చేయడం మర్చిపోయాను.
We're not accusing you of anything.,మేము మీపై ఏమీ ఆరోపణలు చేయడం లేదు.
Tom wanted me to help him.,టామ్ నేను అతనికి సహాయం చేయాలనుకున్నాను.
I knew you wouldn't want to go with us.,మీరు మాతో వెళ్లాలని అనుకోరని నాకు తెలుసు.
I recognized him immediately.,నేను వెంటనే అతన్ని గుర్తించాను.
I think I feel better.,నేను బాగున్నాను.
What can it be?,అది ఏమిటి?
The pond has frozen over.,చెరువు స్తంభింపజేసింది.
We drank a lot of coffee.,మేము చాలా కాఫీ తాగాము.
It's not known how many of them survived.,వారిలో ఎంతమంది ప్రాణాలతో బయటపడ్డారో తెలియదు.
It's here.,అది ఇదిగో.
He often gets sick.,అతను తరచుగా అనారోగ్యానికి గురవుతాడు.
Our train arrived on time.,మా రైలు సమయానికి వచ్చింది.
Tom doesn't have many books.,టామ్ వద్ద చాలా పుస్తకాలు లేవు.
Tom says his left leg hurts.,తన ఎడమ కాలు బాధిస్తుందని టామ్ చెప్పాడు.
I've read every book on this shelf.,నేను ఈ షెల్ఫ్‌లోని ప్రతి పుస్తకాన్ని చదివాను.
I'll call back soon.,నేను త్వరలో తిరిగి పిలుస్తాను.
Tom had absolutely no idea what to do.,టామ్కు ఏమి చేయాలో ఖచ్చితంగా తెలియదు.
I do think people will use it.,ప్రజలు దీనిని ఉపయోగిస్తారని నేను అనుకుంటున్నాను.
There's almost no milk left in the glass.,గాజులో దాదాపు పాలు లేవు.
I don't think that everyone is here yet.,అందరూ ఇంకా ఇక్కడ ఉన్నారని నేను అనుకోను.
I'll miss everyone.,నేను అందరినీ కోల్పోతాను.
Tom has gone away.,టామ్ వెళ్లిపోయాడు.
I had a good time.,నాకు మంచి సమయం వచ్చింది.
Don't come dressed like bums.,బంస్ లాగా దుస్తులు ధరించవద్దు.
Don't take their word for it.,దాని కోసం వారి మాటను తీసుకోకండి.
What's the fastest way to get to the airport?,విమానాశ్రయానికి చేరుకోవడానికి వేగవంతమైన మార్గం ఏమిటి?
We have don't get many opportunities to speak French.,ఫ్రెంచ్ మాట్లాడటానికి మాకు చాలా అవకాశాలు రాలేదు.
Does Tom speak French better than Mary?,టామ్ మేరీ కంటే ఫ్రెంచ్ మాట్లాడతాడా?
The sea gulls are flying low.,సముద్రపు గల్లాలు తక్కువగా ఎగురుతున్నాయి.
I am coming from Ahmedabad,నేను అహ్మదాబాద్ నుండి వస్తున్నాను
Tom told me I was mistaken.,టామ్ నాకు పొరపాటు అని చెప్పాడు.
His legs are long.,అతని కాళ్ళు పొడవుగా ఉన్నాయి.
We're going to be here all afternoon.,మేము మధ్యాహ్నం అంతా ఇక్కడే ఉండబోతున్నాం.
Tom knows the rules.,టామ్‌కు నియమాలు తెలుసు.
The two answers are both correct.,రెండు సమాధానాలు రెండూ సరైనవి.
Tom asked me to carry his suitcase.,టామ్ తన సూట్‌కేస్‌ను తీసుకెళ్లమని అడిగాడు.
He's a weird guy.,అతను విచిత్రమైన వ్యక్తి.
Tom is most likely eating now.,టామ్ ఇప్పుడు ఎక్కువగా తినడం.
"Hey, get your hands off me.","హే, మీ చేతులు నా నుండి తీసివేయండి."
Tom loved the song even though the lyrics were in a language he didn't understand.,సాహిత్యం తనకు అర్థం కాని భాషలో ఉన్నప్పటికీ టామ్ ఈ పాటను ఇష్టపడ్డాడు.
Could you excuse us a sec?,మీరు మాకు ఒక క్షణం క్షమించగలరా?
house,ఇల్లు
Tom died in his seventies.,టామ్ తన డెబ్బైలలో మరణించాడు.
Asia is roughly four times the size of Europe.,ఆసియా యూరప్ కంటే నాలుగు రెట్లు ఎక్కువ.
Tom said he didn't know how to swim very well.,టామ్ తనకు బాగా ఈత కొట్టడం తెలియదని చెప్పాడు.
I know I deserve this.,నేను దీనికి అర్హుడని నాకు తెలుసు.
We have nothing in common.,మాకు ఉమ్మడిగా ఏమీ లేదు.
Could you give me a lift home?,మీరు నాకు లిఫ్ట్ హోమ్ ఇవ్వగలరా?
Questions and answers,ప్రశ్నలు మరియు సమాధానాలు
Thousands of homes were destroyed.,వేలాది గృహాలు ధ్వంసమయ్యాయి.
"I am planning to visit Kyoto, and Nara as well.","నేను క్యోటో, మరియు నారాలను కూడా సందర్శించాలని ఆలోచిస్తున్నాను."
Tom is a hot-blooded individual.,టామ్ హాట్ బ్లడెడ్ వ్యక్తి.
What's your son's name?,మీ కొడుకు పేరు ఏమిటి?
It was impossible to find an answer.,సమాధానం కనుగొనడం అసాధ్యం.
I'll never forget going to Hawaii with her.,ఆమెతో హవాయికి వెళ్లడాన్ని నేను ఎప్పటికీ మర్చిపోలేను.
Father usually comes home at eight.,తండ్రి సాధారణంగా ఎనిమిది గంటలకు ఇంటికి వస్తాడు.
We go to school together.,మేమిద్దరం కలిసి బడికి వెళ్తాం.
We shouldn't have bought this car.,మేము ఈ కారు కొనకూడదు.
What are the languages do you know?,మీకు తెలిసిన భాషలు ఏమిటి?
Let's sit down on the bench.,బెంచ్ మీద కూర్చుందాం.
She gave him a clock.,ఆమె అతనికి ఒక గడియారం ఇచ్చింది.
Tom and I walk to school together every morning.,టామ్ మరియు నేను ప్రతి ఉదయం కలిసి పాఠశాలకు నడుస్తాము.
You should marry Tom.,మీరు టామ్‌ను వివాహం చేసుకోవాలి.
This box is empty. It has nothing in it.,ఈ పెట్టె ఖాళీగా ఉంది.
Tom has a high fever.,టామ్‌కు అధిక జ్వరం ఉంది.
We weren't prepared for what happened.,ఏమి జరిగిందో మేము సిద్ధంగా లేము.
He is a man of his word.,అతను తన మాటలోని వ్యక్తి.
You shouldn't let him get away with cheating.,మీరు అతన్ని మోసంతో తప్పించుకోకూడదు.
I don't like being treated like a child.,నేను చిన్నపిల్లలా వ్యవహరించడం ఇష్టం లేదు.
I didn't know you were going to be there.,మీరు అక్కడ ఉండబోతున్నారని నాకు తెలియదు.
Tom is eating a cake.,టామ్ కేక్ తింటున్నాడు.
Tom said he wondered if Mary and I'd be able to do that by ourselves.,టామ్ మాట్లాడుతూ మేరీ మరియు నేను దానిని మనమే చేయగలమా అని ఆలోచిస్తున్నానని చెప్పాడు.
I want another beer.,నాకు మరో బీర్ కావాలి.
I remember saying that.,నేను చెప్పినట్లు గుర్తు.
Tom lived in Boston when he was a child.,టామ్ చిన్నతనంలో బోస్టన్‌లో నివసించాడు.
Tom loaded the truck with sand.,టామ్ ఇసుకతో ట్రక్కును ఎక్కించాడు.
"How old are you, Tom?","టామ్, మీ వయస్సు ఎంత?"
It isn't big.,ఇది పెద్దది కాదు.
No one encouraged her.,ఎవరూ ఆమెను ప్రోత్సహించలేదు.
I wish she had come last night.,ఆమె గత రాత్రి వచ్చిందని నేను కోరుకుంటున్నాను.
He advised me not to believe what she says.,ఆమె చెప్పేది నమ్మవద్దని ఆయన నాకు సలహా ఇచ్చారు.
"Tom is the only person who can do that, I think.","టామ్ మాత్రమే అలా చేయగలడు, నేను అనుకుంటున్నాను."
It's a pity that I have no ear for music.,నాకు సంగీతానికి చెవి లేదు.
All of the men were dressed similarly to Tom.,పురుషులందరూ టామ్ మాదిరిగానే దుస్తులు ధరించారు.
The doctor took his pulse.,డాక్టర్ అతని పల్స్ తీసుకున్నాడు.
I want you to give a message to Tom.,మీరు టామ్‌కు సందేశం ఇవ్వాలనుకుంటున్నాను.
Tom plays the piano very well.,టామ్ పియానోను బాగా వాయించాడు.
He left his parents when he was eight years old.,అతను ఎనిమిదేళ్ళ వయసులో తల్లిదండ్రులను విడిచిపెట్టాడు.
I don't think Tom killed Mary.,టామ్ మేరీని చంపాడని నేను అనుకోను.
I want you to take me to Tom.,మీరు నన్ను టామ్ వద్దకు తీసుకెళ్లాలని నేను కోరుకుంటున్నాను.
Will anybody be at the station to meet me?,నన్ను కలవడానికి ఎవరైనా స్టేషన్‌లో ఉంటారా?
To lose face means to be humiliated.,ముఖం కోల్పోవడం అంటే అవమానించడం.
The girl I wanted to marry married somebody else.,నేను వివాహం చేసుకోవాలనుకున్న అమ్మాయి వేరొకరిని వివాహం చేసుకుంది.
Tom's days are numbered.,టామ్ యొక్క రోజులు లెక్కించబడ్డాయి.
I don't think that Tom was busy yesterday.,టామ్ నిన్న బిజీగా ఉన్నాడని నేను అనుకోను.
"Unfortunately, that's true.","దురదృష్టవశాత్తు, అది నిజం."
I like your work.,మీ పని నాకు చాలా ఇష్టం.
I don't care what people think.,ప్రజలు ఏమనుకుంటున్నారో నేను పట్టించుకోను.
What is your greatest strength?,నీయొక్క గొప్ప బలం ఏమిటి?
Tom called me this afternoon.,టామ్ ఈ మధ్యాహ్నం నన్ను పిలిచాడు.
Try doing that again.,మళ్ళీ అలా ప్రయత్నించండి.
Tom thinks I need to help Mary.,నేను మేరీకి సహాయం చేయాల్సిన అవసరం ఉందని టామ్ భావిస్తాడు.
You're standing on my foot.,మీరు నా పాదాల మీద నిలబడి ఉన్నారు.
"In New York, the dollar was worth eight shillings.",న్యూయార్క్‌లో డాలర్ విలువ ఎనిమిది షిల్లింగ్‌లు.
She left the room without saying a word.,ఆమె ఒక్క మాట కూడా మాట్లాడకుండా గది నుండి బయలుదేరింది.
I have terrible handwriting.,నాకు భయంకరమైన చేతివ్రాత ఉంది.
Do you need it now?,మీకు ఇప్పుడు ఇది అవసరమా?
Tom is stuck.,టామ్ ఇరుక్కుపోయాడు.
What's Tom going to say about that?,టామ్ దాని గురించి ఏమి చెప్పబోతున్నాడు?
I'll be in the basement.,నేను నేలమాళిగలో ఉంటాను.
Guntur has a rich cultural heritage and a long history dating back to the ancient times.,గుంటూరుకు గొప్ప సాంస్కృతిక వారసత్వం మరియు పురాతన కాలం నాటి సుదీర్ఘ చరిత్ర ఉంది.
Tom has a secret room in his house.,టామ్ తన ఇంట్లో ఒక రహస్య గది ఉంది.
Suneetha is trying to learn Tamil.,సునీత తమిళం నేర్చుకోవడానికి ప్రయత్నిస్తోంది.
I've heard that you shouldn't eat red meat more than once a day.,మీరు ఎర్ర మాంసం రోజుకు ఒకటి కంటే ఎక్కువసార్లు తినకూడదని విన్నాను.
Your safety isn't our concern.,మీ భద్రత మా ఆందోళన కాదు.
Tom threw Mary a life preserver.,టామ్ మేరీని లైఫ్ ప్రిజర్వర్‌గా విసిరాడు.
My father died before I got my diploma.,నా డిప్లొమా రాకముందే నాన్న చనిపోయాడు.
"Tom isn't a bus driver, is he?","టామ్ బస్సు డ్రైవర్ కాదు, అవునా?"
King loves forestation.,రాజుకు అడవులు అంటే చాలా ఇష్టం
Where do you plan to spend the summer?,వేసవిని ఎక్కడ గడపాలని మీరు ప్లాన్ చేస్తున్నారు?
I don't really want to think about it.,నేను నిజంగా దాని గురించి ఆలోచించడం ఇష్టం లేదు.
Native place,స్వస్థలము
Tom said hi to me in French.,టామ్ ఫ్రెంచ్‌లో నాకు హాయ్ చెప్పాడు.
How does he do this?,అతను దీన్ని ఎలా చేస్తాడు?
Tom went to a costume party last weekend.,టామ్ గత వారాంతంలో కాస్ట్యూమ్ పార్టీకి వెళ్ళాడు.
I don't want to break your heart.,నేను మీ హృదయాన్ని విచ్ఛిన్నం చేయాలనుకోవడం లేదు.
There was a tall tree in front of my house.,నా ఇంటి ముందు ఒక పొడవైన చెట్టు ఉంది.
My father says he's planning to buy me a horse.,నా తండ్రి నాకు గుర్రాన్ని కొనాలని యోచిస్తున్నట్లు చెప్పారు.
Tom knew I was jealous.,టామ్ నాకు అసూయ ఉందని తెలుసు.
I need to know who Tom is.,టామ్ ఎవరో నాకు తెలుసుకోవాలి.
They're all equal.,వారంతా సమానం.
Don't make eye contact.,కంటికి పరిచయం చేయవద్దు.
That didn't even occur to me.,అది నాకు కూడా జరగలేదు.
Is that your idea?,అది మీ ఆలోచననా?
What do I have to say to convince you?,మిమ్మల్ని ఒప్పించటానికి నేను ఏమి చెప్పాలి?
Tom looks dreadful.,టామ్ భయంకరంగా కనిపిస్తాడు.
Maybe they will come and maybe they won't.,బహుశా వారు వస్తారు మరియు వారు రాకపోవచ్చు.
I love comedies.,నాకు కామెడీలు చాలా ఇష్టం.
Our son was killed in the war.,మా కొడుకు యుద్ధంలో చంపబడ్డాడు.
He always took a seat in the front row.,అతను ఎప్పుడూ ముందు వరుసలో ఒక సీటు తీసుకున్నాడు.
I want to date other women.,నేను ఇతర మహిళలతో డేటింగ్ చేయాలనుకుంటున్నాను.
That's what we're waiting for.,దాని కోసం మేము ఎదురు చూస్తున్నాము.
"In England, in the summer, the sun rises at about 4 a.m.","ఇంగ్లాండ్‌లో, వేసవిలో, ఉదయం 4 గంటలకు సూర్యుడు ఉదయిస్తాడు."
Both of us should lose some weight.,మా ఇద్దరికీ కొంత బరువు తగ్గాలి.
I do not have to study Japanese.,నేను జపనీస్ అధ్యయనం చేయవలసిన అవసరం లేదు.
"I'm sorry, you have the wrong number.","క్షమించండి, మీకు తప్పు సంఖ్య ఉంది."
Where were you yesterday?,నిన్న నువ్వు ఎక్కడ ఉన్నావు?
The burglar came into the house through this door.,దొంగ ఈ తలుపు ద్వారా ఇంట్లోకి వచ్చాడు.
Clean the barrel of this rifle.,ఈ రైఫిల్ యొక్క బారెల్ శుభ్రం చేయండి.
I'm very angry now.,నాకు ఇప్పుడు చాలా కోపం ఉంది.
"I'm sorry, but could you move over a bit so I have room to sit?","నన్ను క్షమించండి, కానీ మీరు కూర్చోవడానికి స్థలం ఉన్నందున మీరు కొంచెం ముందుకు వెళ్ళగలరా?"
I was tired and so was everybody else.,నేను అలసిపోయాను మరియు మిగతా వారందరూ.
Should I help Tom with his homework?,టామ్ తన ఇంటి పనికి నేను సహాయం చేయాలా?
Will you sing?,మీరు పాడతారా?
I'm not as brave as Tom.,నేను టామ్ లాగా ధైర్యంగా లేను.
It took me several hours to paint that room.,ఆ గదిని చిత్రించడానికి నాకు చాలా గంటలు పట్టింది.
"You always talk back to me, don't you?","మీరు ఎల్లప్పుడూ నాతో తిరిగి మాట్లాడతారు, లేదా?"
Nobody's going anywhere.,ఎవరూ ఎక్కడికి వెళ్ళడం లేదు.
How could I've let that happen?,నేను దానిని ఎలా చేయగలను?
I'm really sorry about what happened.,ఏమి జరిగిందో నేను నిజంగా క్షమించండి.
Chatrapati shivaji one of the most powerful empires in India during the 17th and 18th centuries.,చత్రపతి శివాజీ 17వ మరియు 18వ శతాబ్దాలలో భారతదేశంలోని అత్యంత శక్తివంతమైన సామ్రాజ్యాలలో ఒకటి.
My aunt had three kids.,నా అత్తకు ముగ్గురు పిల్లలు ఉన్నారు.
sports,క్రీడలు
I don't think Tom is coming to our rescue.,టామ్ మా రక్షణకు వస్తున్నాడని నేను అనుకోను.
I know you're afraid of heights.,మీరు ఎత్తులకు భయపడుతున్నారని నాకు తెలుసు.
The dining room has two doors.,భోజనాల గదికి రెండు తలుపులు ఉన్నాయి.
It's doubtful that anything will grow here.,ఇక్కడ ఏదైనా పెరుగుతుందా అనేది సందేహమే.
"K. S. Chitra has won numerous awards for her contribution to music including six National Film Awards, five Filmfare Awards South, and several state government awards.","K. S. చిత్ర ఆరు జాతీయ చలనచిత్ర అవార్డులు, ఐదు ఫిల్మ్‌ఫేర్ అవార్డులు సౌత్ మరియు అనేక రాష్ట్ర ప్రభుత్వ అవార్డులతో సహా సంగీతానికి ఆమె చేసిన కృషికి అనేక అవార్డులను గెలుచుకుంది."
Tom was hoping that he could help Mary.,టామ్ మేరీకి సహాయం చేయగలడని ఆశతో ఉన్నాడు.
I got a smooth shave.,నాకు మృదువైన గొరుగుట వచ్చింది.
"Many men want to be thin, too.",చాలా మంది పురుషులు కూడా సన్నగా ఉండాలని కోరుకుంటారు.
Did they ever find Tom?,వారు ఎప్పుడైనా టామ్‌ను కనుగొన్నారా?
He has a Toyota.,అతనికి టయోటా ఉంది.
She was asked not to speak at the meeting.,సమావేశంలో మాట్లాడవద్దని ఆమెను కోరారు.
I believe you all know Tom.,మీ అందరికీ టామ్ తెలుసని నేను నమ్ముతున్నాను.
We must stop Tom before he kills himself.,టామ్ తనను తాను చంపేముందు మనం అతన్ని ఆపాలి.
I don't remember mailing the letter.,నాకు లేఖ మెయిల్ చేయడం గుర్తులేదు.
Tom was defeated.,టామ్ ఓడిపోయాడు.
There are some differences.,కొన్ని తేడాలు ఉన్నాయి.
Is it cheaper to call after nine?,తొమ్మిది తర్వాత కాల్ చేయడం చౌకైనదా?
The new telescope was shipped in a huge wooden box.,కొత్త టెలిస్కోప్ భారీ చెక్క పెట్టెలో రవాణా చేయబడింది.
Tom said that he felt cold.,టామ్ తనకు చలిగా అనిపించింది.
The time will come when she'll regret it.,ఆమె చింతిస్తున్న సమయం వస్తుంది.
You know I love you!,నేను నిన్ను ప్రేమిస్తున్నానని నీకు తెలుసు!
I want to come back next year.,నేను వచ్చే ఏడాది తిరిగి రావాలనుకుంటున్నాను.
My house is on the outskirts of town.,నా ఇల్లు పట్టణ శివార్లలో ఉంది.
The sky was gray all morning.,ఉదయం అంతా ఆకాశం బూడిద రంగులో ఉంది.
Tom will always remember Mary.,టామ్ ఎల్లప్పుడూ మేరీని గుర్తుంచుకుంటాడు.
I'm considering becoming a French teacher.,నేను ఫ్రెంచ్ ఉపాధ్యాయుడిగా మారాలని ఆలోచిస్తున్నాను.
Tom is a schemer.,టామ్ ఒక స్కీమర్.
Tom told me the book was interesting.,టామ్ పుస్తకం ఆసక్తికరంగా ఉందని నాకు చెప్పారు.
Did Tom tell you he's studying French?,టామ్ అతను ఫ్రెంచ్ చదువుతున్నాడని మీకు చెప్పాడా?
Tom buys me things that I want.,టామ్ నాకు కావలసిన వస్తువులను కొంటాడు.
Where can I advertise for a used car?,ఉపయోగించిన కారు కోసం నేను ఎక్కడ ప్రకటన చేయవచ్చు?
The couple broke off their engagement.,ఈ జంట వారి నిశ్చితార్థాన్ని విరమించుకున్నారు.
There's not enough time to eat now.,ఇప్పుడు తినడానికి తగినంత సమయం లేదు.
Tom says he was fired.,టామ్ తనను తొలగించారని చెప్పారు.
She was in the hospital for six weeks because she was sick.,ఆమె అనారోగ్యంతో ఆరు వారాలపాటు ఆసుపత్రిలో ఉంది.
Please inform me of any change in his condition.,దయచేసి అతని స్థితిలో ఏదైనా మార్పు గురించి నాకు తెలియజేయండి.
Tom is signing documents.,టామ్ పత్రాలపై సంతకం చేస్తున్నాడు.
I'm sure of this.,నేను ఈ విషయంలో ఖచ్చితంగా ఉన్నాను.
Tom and Mary wanted to be together.,టామ్ మరియు మేరీ కలిసి ఉండాలని కోరుకున్నారు.
I knew this would be hard for you.,ఇది మీకు కష్టమని నాకు తెలుసు.
Where's it used?,ఇది ఎక్కడ ఉపయోగించబడింది?
Tom sells cars.,టామ్ కార్లను విక్రయిస్తాడు.
Tom was smart enough to escape.,టామ్ తప్పించుకునేంత తెలివైనవాడు.
His death was a great loss to our country.,ఆయన మరణం మన దేశానికి ఎంతో నష్టమే.
My watch loses three minutes a week.,నా గడియారం వారానికి మూడు నిమిషాలు కోల్పోతుంది.
Let us tell you why we came.,మేము ఎందుకు వచ్చామో మీకు చెప్తాము.
Tom speaks French better than Mary does.,టామ్ మేరీ కంటే ఫ్రెంచ్ బాగా మాట్లాడతాడు.
name,పేరు
A nod is as good as a wink to a blind horse.,గుడ్డి గుర్రానికి వింక్ చేసినంత మంచిది.
She's busy.,ఆమె బిజీగా ఉంది.
I strongly suspected that he had been lying.,అతను అబద్ధం చెప్పాడని నేను గట్టిగా అనుమానించాను.
Don't tell my wife that.,నా భార్యకు అలా చెప్పకండి.
I must buy a new pair of shoes.,నేను తప్పనిసరిగా కొత్త జత బూట్లు కొనాలి.
Tom sometimes agrees with me.,టామ్ కొన్నిసార్లు నాతో అంగీకరిస్తాడు.
Have you ever climbed Mt. Fuji?,మీరు ఎప్పుడైనా మౌంట్ ఎక్కారా?
You recovered quickly.,మీరు త్వరగా కోలుకున్నారు.
I've learned so much from you.,నేను మీ నుండి చాలా నేర్చుకున్నాను.
I know that this is important to you.,ఇది మీకు ముఖ్యమని నాకు తెలుసు.
Both Tom and I'll be busy this afternoon.,టామ్ మరియు నేను ఇద్దరూ ఈ మధ్యాహ్నం బిజీగా ఉంటాము.
"You can hear English on Channel 1, and Japanese on Channel 7.",మీరు ఛానల్ 1 లో ఇంగ్లీష్ మరియు ఛానల్ 7 లో జపనీస్ వినవచ్చు.
These are the new ones.,ఇవి కొత్తవి.
I'm looking for a job.,నేను ఉద్యోగం కోసం చూస్తున్నాను.
Tom told us he loved skiing.,టామ్ మాకు స్కీయింగ్ అంటే చాలా ఇష్టమని చెప్పాడు.
That's his weak spot.,అది అతని బలహీనమైన ప్రదేశం.
Do you have blankets?,మీకు దుప్పట్లు ఉన్నాయా?
Tom can't whistle.,టామ్ ఈల వేయలేడు.
Nobody said a thing.,ఎవరూ ఏమీ అనలేదు.
I'm getting bored.,నేను విసుగు చెందుతున్నాను.
I wanted you to know.,మీరు తెలుసుకోవాలని నేను కోరుకున్నాను.
"If Tom wasn't so stupid, he would've understood quicker.","టామ్ అంత తెలివితక్కువవాడు కాకపోతే, అతను త్వరగా అర్థం చేసుకున్నాడు."
I never liked Christmas.,నేను క్రిస్మస్‌ను ఎప్పుడూ ఇష్టపడలేదు.
Put it on my tab.,నా ట్యాబ్‌లో ఉంచండి.
Tom is doing an exemplary job.,టామ్ ఒక ఆదర్శప్రాయమైన పని చేస్తున్నాడు.
Are you saying this doesn't matter?,ఇది పట్టింపు లేదని మీరు చెబుతున్నారా?
What should I tell Tom?,నేను టామ్‌కు ఏమి చెప్పాలి?
That sounded weird.,అది విచిత్రంగా అనిపించింది.
You've got to apologize.,మీరు క్షమాపణ చెప్పాలి.
Shall we take a taxi?,మనం టాక్సీ తీసుకుందా?
Tom gave a famous singer ten thousand dollars to come to the restaurant to sing Happy Birthday.,టామ్ ఒక ప్రసిద్ధ గాయకుడికి పది వేల డాలర్లు ఇచ్చి హ్యాపీ బర్త్ డే పాడటానికి రెస్టారెంట్‌కు వచ్చాడు.
How will that decision affect us?,ఆ నిర్ణయం మనల్ని ఎలా ప్రభావితం చేస్తుంది?
I know what I want.,నాకు ఏమి కావాలో నాకు తెలుసు.
I expect a detailed report.,నేను ఒక వివరణాత్మక నివేదికను ఆశిస్తున్నాను.
You could invite me.,మీరు నన్ను ఆహ్వానించవచ్చు.
Position,స్థానం
You did your job well.,మీరు మీ పని బాగా చేసారు.
We took him to the hospital.,మేము అతన్ని ఆసుపత్రికి తీసుకువెళ్ళాము.
I can't even remember what Tom looks like.,టామ్ ఎలా ఉంటాడో నాకు గుర్తులేదు.
The police went over every inch of this place.,పోలీసులు ఈ స్థలం యొక్క ప్రతి అంగుళం మీదుగా వెళ్లారు.
I made tea for Tom.,నేను టామ్ కోసం టీ తయారు చేసాను.
Tom told me I shouldn't talk to you.,నేను మీతో మాట్లాడకూడదని టామ్ చెప్పాడు.
The teacher wrote French words on the blackboard.,గురువు నల్లబల్లపై ఫ్రెంచ్ పదాలు రాశారు.
Is your mother at home now?,మీ తల్లి ఇప్పుడు ఇంట్లో ఉందా?
Tom wasn't working for me.,టామ్ నా కోసం పని చేయలేదు.
Who taught Tom how to speak French?,టామ్ ఫ్రెంచ్ మాట్లాడటం ఎలా నేర్పించారు?
Tom and Mary believed John.,టామ్ మరియు మేరీ జాన్‌ను నమ్మారు.
Tom is the only person Mary says she can trust.,మేరీ తనను నమ్మగలదని చెప్పే ఏకైక వ్యక్తి టామ్.
I haven't accomplished anything yet.,నేను ఇంకా ఏమీ సాధించలేదు.
Her nails are red.,ఆమె గోర్లు ఎర్రగా ఉన్నాయి.
Tom is the first guy Mary has really been interested in since she broke up with John.,జాన్ జాన్‌తో విడిపోయినప్పటి నుండి మేరీకి నిజంగా ఆసక్తి ఉన్న మొదటి వ్యక్తి టామ్.
Is Tom smarter than you?,టామ్ మీ కంటే తెలివిగా ఉన్నారా?
"OK, I think we can begin.","సరే, మనం ప్రారంభించవచ్చని అనుకుంటున్నాను."
Tom has earned a lot of money.,టామ్ చాలా డబ్బు సంపాదించాడు.
Do you do anything else?,మీరు మరేదైనా చేస్తున్నారా?
Washington was the most famous man in America.,వాషింగ్టన్ అమెరికాలో అత్యంత ప్రసిద్ధ వ్యక్తి.
We're not worried about that at all.,మేము దాని గురించి ఆందోళన చెందలేదు.
All you have to do is fill in this form.,మీరు చేయాల్సిందల్లా ఈ ఫారమ్ నింపండి.
It can  enhance creativity by encouraging players to think outside the box and explore different strategies and ideas.,ఇది పెట్టె వెలుపల ఆలోచించడానికి మరియు విభిన్న వ్యూహాలు మరియు ఆలోచనలను అన్వేషించడానికి ఆటగాళ్లను ప్రోత్సహించడం ద్వారా సృజనాత్మకతను మెరుగుపరుస్తుంది.
Tom locked his doors.,టామ్ తన తలుపులు లాక్ చేశాడు.
Where did you get your camera repaired?,మీ కెమెరా మరమ్మతులు ఎక్కడ పొందారు?
forgot,మర్చిపోయాను
I'm trying to stay calm.,నేను ప్రశాంతంగా ఉండటానికి ప్రయత్నిస్తున్నాను.
I had lunch with Tom today.,నేను ఈ రోజు టామ్‌తో కలిసి భోజనం చేశాను.
Are you sleepy?,నిద్రోస్తుందా?
Both of my brothers are married.,నా సోదరులు ఇద్దరూ వివాహం చేసుకున్నారు.
Their house is near here.,వారి ఇల్లు ఇక్కడ ఉంది.
Tell Tom that I'll prune his trees for him.,టామ్ కి చెప్పండి నేను అతని చెట్లను కత్తిరించుకుంటాను.
Where,ఎక్కడ
I don't have a lot of patients.,నాకు చాలా మంది రోగులు లేరు.
Tom and I have nothing to hide.,టామ్ మరియు నేను దాచడానికి ఏమీ లేదు.
Tom had a narrow escape from death.,టామ్ మరణం నుండి ఇరుకైన తప్పించుకున్నాడు.
Carry on with your work.,మీ పనిని కొనసాగించండి.
Tom popped into the supermarket on his way home to buy some milk.,టామ్ కొంచెం పాలు కొనడానికి ఇంటికి వెళ్ళేటప్పుడు సూపర్ మార్కెట్లోకి ప్రవేశించాడు.
I don't think they're safe.,వారు సురక్షితంగా ఉన్నారని నేను అనుకోను.
Do you remember what time Tom said he'd be here?,టామ్ ఇక్కడే ఉంటానని చెప్పిన సమయం మీకు గుర్తుందా?
plants,మొక్కలు
I can't find Tom anywhere.,నేను టామ్‌ను ఎక్కడా కనుగొనలేను.
"Mary is a pretty girl, isn't she?","మేరీ ఒక అందమైన అమ్మాయి, ఆమె కాదా?"
rich,ధనవంతుడు
playing with fire,నిప్పుతో ఆడుకుంటున్నాడు
We have a complete set of the recordings of Beethoven's symphonies.,బీతొవెన్ యొక్క సింఫొనీల రికార్డింగ్‌ల పూర్తి సెట్ మాకు ఉంది.
Summer has just begun.,వేసవి ఇప్పుడే ప్రారంభమైంది.
I'm glad to hear you're better.,మీరు బాగున్నారని వినడానికి నేను సంతోషిస్తున్నాను.
Tom pocketed the money.,టామ్ డబ్బు జేబులో పెట్టుకున్నాడు.
"I saw Tom sitting at the bar alone, drinking wine.","టామ్ ఒంటరిగా బార్ వద్ద కూర్చుని, వైన్ తాగడం చూశాను."
I'm glad Tom helped us.,టామ్ మాకు సహాయం చేసినందుకు నేను సంతోషిస్తున్నాను.
Everybody knew that she was being pushy.,ఆమె పుషీ అవుతోందని అందరికీ తెలుసు.
Delhi has great historical significance as it was home to powerful people,శక్తివంతమైన వ్యక్తులకు నిలయంగా ఉన్న ఢిల్లీకి గొప్ప చారిత్రక ప్రాధాన్యత ఉంది
They don't understand me when I speak German.,నేను జర్మన్ మాట్లాడేటప్పుడు వారు నన్ను అర్థం చేసుకోరు.
Tom tricked Mary into paying for his ticket.,టామ్ తన టికెట్ కోసం మేరీని మోసగించాడు.
Where did you get all this stuff?,ఈ విషయాలన్నీ మీకు ఎక్కడ లభించాయి?
Can you translate this manuscript from French to English?,మీరు ఈ మాన్యుస్క్రిప్ట్‌ను ఫ్రెంచ్ నుండి ఇంగ్లీషులోకి అనువదించగలరా?
Tom flew to Boston today.,టామ్ ఈ రోజు బోస్టన్‌కు వెళ్లాడు.
I feel very guilty.,నేను చాలా అపరాధభావంతో ఉన్నాను.
Tom has a kind heart.,టామ్ దయగల హృదయాన్ని కలిగి ఉన్నాడు.
They'll do what I tell them to do.,నేను చేయమని చెప్పినట్లు వారు చేస్తారు.
Tom didn't seem happy to see me.,టామ్ నన్ను చూడటం సంతోషంగా అనిపించలేదు.
Come here.,ఇక్కడికి రండి.
Tom and Mary are close relatives.,టామ్ మరియు మేరీ దగ్గరి బంధువులు.
Don't talk with your mouth full.,మీ నోటితో పూర్తిగా మాట్లాడకండి.
I found out something interesting today.,నేను ఈ రోజు ఆసక్తికరమైన విషయం కనుగొన్నాను.
Why didn't Tom tell us?,టామ్ మాకు ఎందుకు చెప్పలేదు?
They might not notice that Tom isn't here.,టామ్ ఇక్కడ లేడని వారు గమనించకపోవచ్చు.
We were kids together.,మేము కలిసి పిల్లలు.
Tom is a much better singer than I am.,టామ్ నాకన్నా మంచి గాయకుడు.
Available,అందుబాటులో ఉంది
I closed the door.,నేను తలుపు మూసాను.
You two may leave.,మీరిద్దరూ వెళ్ళవచ్చు.
Tom said he couldn't walk.,టామ్ తాను నడవలేనని చెప్పాడు.
You can't be so sure.,మీరు అంత ఖచ్చితంగా ఉండలేరు.
You're welcome to any book in my library.,నా లైబ్రరీలోని ఏదైనా పుస్తకానికి మీకు స్వాగతం.
Krishna tells the Pandavas about the cruelty of Duryodhana.,కృష్ణుడు దుర్యోధనుడి క్రూరత్వం గురించి పాండవులకు చెప్పాడు.
They sat down.,వారు కూర్చున్నారు.
Is your car black?,మీ కారు నల్లగా ఉందా?
"Tom is thirteen, but he still believes in Santa.","టామ్ పదమూడు సంవత్సరాలు, కానీ అతను ఇప్పటికీ శాంటాను నమ్ముతాడు."
We think you're right.,మీరు సరైనవారని మేము భావిస్తున్నాము.
They were silent.,వారు మౌనంగా ఉన్నారు.
hungry,ఆకలి
Do you think Tom saw it?,టామ్ చూశానని మీరు అనుకుంటున్నారా?
This dish is too spicy.,ఈ వంటకం చాలా కారంగా ఉంటుంది.
ourself,మనమే
Can you imagine what life would be like without television?,టెలివిజన్ లేకుండా జీవితం ఎలా ఉంటుందో మీరు Can హించగలరా?
We aren't doing anything.,మేము ఏమీ చేయడం లేదు.
telugu grammer,తెలుగు వ్యాకరణం
I didn't receive any notice.,నాకు నోటీసు రాలేదు.
Tom asked Mary some stupid questions that she refused to answer.,టామ్ మేరీకి కొన్ని తెలివితక్కువ ప్రశ్నలను అడిగారు.
He will be back soon.,అతను త్వరలో తిరిగి వస్తాడు.
Avinash is a good player.,అవినాష్ మంచి ఆటగాడు.
He was not about to admit his mistake.,అతను తన తప్పును అంగీకరించడం లేదు.
quickly,త్వరగా
We'll stay and fight.,మేము ఉండి పోరాడతాము.
You probably just have a cold.,మీకు జలుబు ఉండవచ్చు.
Why do you think Tom wanted me to do that?,టామ్ నన్ను అలా చేయాలని ఎందుకు అనుకున్నాడు?
What does this machine do exactly?,ఈ యంత్రం సరిగ్గా ఏమి చేస్తుంది?
Mother,అమ్మా
I've got a pain in my side.,నా వైపు నొప్పి వచ్చింది.
Tom put his shirt on a hanger.,టామ్ తన చొక్కాను హ్యాంగర్ మీద ఉంచాడు.
Tom didn't notice the change.,టామ్ మార్పును గమనించలేదు.
Maybe I shouldn't have done that.,బహుశా నేను అలా చేయకూడదు.
Why didn't you say goodbye?,ఎందుకు మీరు వీడ్కోలు చెప్పలేదు?
Tom is on Mary's side.,టామ్ మేరీ వైపు ఉన్నాడు.
How about going out for lunch?,భోజనానికి బయటికి వెళ్లడం ఎలా?
I see life differently now.,నేను ఇప్పుడు జీవితాన్ని భిన్నంగా చూస్తున్నాను.
He feels very happy.,అతను చాలా సంతోషంగా ఉన్నాడు.
School was cancelled because of the snow.,మంచు కారణంగా పాఠశాల రద్దు చేయబడింది.
I use Google almost every day.,నేను దాదాపు ప్రతిరోజూ గూగుల్‌ని ఉపయోగిస్తాను.
Tom said that he needed a rest.,తనకు విశ్రాంతి అవసరమని టామ్ చెప్పాడు.
The police can't stop this.,పోలీసులు దీనిని ఆపలేరు.
Tom fell through the ice.,టామ్ మంచు గుండా పడిపోయాడు.
I'll dream about you.,నేను మీ గురించి కలలు కంటున్నాను.
They are bound together by common interests.,వారు సాధారణ ప్రయోజనాలతో కట్టుబడి ఉంటారు.
Is it true that Tom can't see very well out of his left eye?,టామ్ తన ఎడమ కన్ను నుండి బాగా చూడలేడు అనేది నిజమేనా?
Shadow him.,అతనికి నీడ.
I don't support his ideas.,నేను అతని ఆలోచనలకు మద్దతు ఇవ్వను.
I've been to the dentist's.,నేను దంతవైద్యుని వద్దకు వెళ్లాను.
Everything,అంతా(ప్రతిదీ)
I am very happy to meet you,మిమ్మల్ని కలవడం నాకు చాలా సంతోషంగా ఉంది
We should wait for Tom.,మేము టామ్ కోసం వేచి ఉండాలి.
Tom's unstoppable.,టామ్ యొక్క ఆపుకోలేనిది.
start,ప్రారంభించు
She is anxious about your health.,ఆమె మీ ఆరోగ్యం గురించి ఆత్రుతగా ఉంది.
I just don't think I'm successful enough.,నేను తగినంత విజయవంతమయ్యానని నేను అనుకోను.
Sanskrit is an ancient language that originated in the Indian subcontinent.,సంస్కృతం భారతీయ ఉపఖండంలో ఉద్భవించిన ప్రాచీన భాష.
I've been looking for Tom.,నేను టామ్ కోసం చూస్తున్నాను.
Tom cut his sister a piece of cake.,టామ్ తన సోదరికి కేక్ ముక్కను కత్తిరించాడు.
I respect you for what you have done.,మీరు చేసిన పనికి నేను నిన్ను గౌరవిస్తాను.
Going to Nellore to Vellore.,నెల్లూరు నుంచి వేలూరు వెళ్తున్నారు.
Tom isn't having fun.,టామ్ సరదాగా లేడు.
Our next meeting will be held next on October 20th.,మా తదుపరి సమావేశం అక్టోబర్ 20 న జరుగుతుంది.
I think I speak French about as well as Tom does.,నేను టామ్ గురించి ఫ్రెంచ్ మాట్లాడతాను.
Choose one.,ఒకటి ఎంచుకోండి.
I didn't eat anything else.,నేను వేరే ఏమీ తినలేదు.
Tom is here with me now.,టామ్ ఇప్పుడు నాతో ఇక్కడ ఉన్నారు.
I'm afraid I'll be a burden to you.,నేను మీకు భారం అవుతాను అని భయపడుతున్నాను.
You're avoiding me.,మీరు నన్ను తప్పించుకుంటున్నారు.
Does Tom really have a girlfriend?,టామ్‌కు నిజంగా స్నేహితురాలు ఉందా?
I'd forgotten about that.,నేను దాని గురించి మరచిపోయాను.
"If the weather is nice tomorrow, we will have a picnic.","రేపు వాతావరణం బాగుంటే, మాకు పిక్నిక్ ఉంటుంది."
I won't always be around.,నేను ఎప్పుడూ చుట్టూ ఉండను.
I'm in the eleventh grade.,నేను పదకొండవ తరగతిలో ఉన్నాను.
I'm wasting my time.,నేను నా సమయాన్ని వృధా చేస్తున్నాను.
I slept only two hours.,నేను రెండు గంటలు మాత్రమే పడుకున్నాను.
How can I learn Telugu?,నేను తెలుగు ఎలా నేర్చుకోవాలి?
He put salt into his cup of coffee by mistake.,అతను పొరపాటున తన కప్పు కాఫీలో ఉప్పు వేశాడు.
It had to be you.,ఇది మీరు అయి ఉండాలి.
Tom's wicked.,టామ్ యొక్క దుష్ట.
Tom was the one who got punished.,శిక్ష అనుభవించిన వ్యక్తి టామ్.
Where is your brother?,మీ సోదరుడు ఎక్కడ?
Have you spent a lot of time with Tom?,మీరు టామ్‌తో చాలా సమయం గడిపారు?
I forgot my password.,నేను నా పాస్వర్డ్ను మర్చిపోయాను.
don't manipulate me,నన్ను తారుమారు చేయవద్దు
It's too painful.,ఇది చాలా బాధాకరమైనది.
I know you hate it.,మీరు దానిని ద్వేషిస్తున్నారని నాకు తెలుసు.
where is your sister studying,మీ చెల్లి ఎక్కడ చదువుతోంది
Tom has been managing just fine.,టామ్ బాగానే ఉన్నాడు.
I can't let you do this.,నేను దీన్ని మీకు అనుమతించలేను.
Mom did not mention it.,అమ్మ దాని గురించి ప్రస్తావించలేదు.
Could you show me this bag?,మీరు ఈ బ్యాగ్ నాకు చూపించగలరా?
I see someone waving a white flag.,ఎవరో తెల్ల జెండా aving పుతూ నేను చూస్తున్నాను.
What do you call this animal in French?,మీరు ఈ జంతువును ఫ్రెంచ్ భాషలో ఏమని పిలుస్తారు?
Tom wanted to quit smoking.,టామ్ ధూమపానం మానేయాలని అనుకున్నాడు.
Sunil loves his mother.,సునీల్ తన తల్లిని ప్రేమిస్తాడు.
Tom said he'll wait.,టామ్ అతను వేచి ఉంటానని చెప్పాడు.
You must get rid of such a habit.,మీరు అలాంటి అలవాటును వదిలించుకోవాలి.
We stayed behind to help Tom.,టామ్‌కు సహాయం చేయడానికి మేము వెనుక ఉండిపోయాము.
RRR is an epic action drama movie.,RRR ఒక ఎపిక్ యాక్షన్ డ్రామా మూవీ.
Mary demanded her money back.,మేరీ తన డబ్బును తిరిగి డిమాండ్ చేసింది.
He lost his temper and shouted at me.,అతను నిగ్రహాన్ని కోల్పోయాడు మరియు నాపై అరిచాడు.
I don't feel like working today.,ఈ రోజు పని చేయాలని నాకు అనిపించదు.
Tom can't help us today.,టామ్ ఈ రోజు మాకు సహాయం చేయలేడు.
Tom said that he had been busy.,టామ్ తాను బిజీగా ఉన్నానని చెప్పాడు.
Tom went fly fishing with his father.,టామ్ తన తండ్రితో ఫ్లై ఫిషింగ్ వెళ్ళాడు.
Tom asked us not to make any noise.,టామ్ మాకు శబ్దం చేయవద్దని కోరాడు.
I've always known that this would happen someday.,ఇది ఏదో ఒక రోజు జరుగుతుందని నాకు తెలుసు.
The first girl I ever kissed was Mary.,నేను ముద్దు పెట్టుకున్న మొదటి అమ్మాయి మేరీ.
I still love you very much.,నేను ఇప్పటికీ నిన్ను చాలా ప్రేమిస్తున్నాను.
I wish I were rich.,నేను ధనవంతుడిని అని కోరుకుంటున్నాను.
Tom doesn't feel like doing that now.,టామ్ ఇప్పుడు అలా చేస్తున్నట్లు అనిపించదు.
Telugu to hindi translation,తెలుగు నుండి హిందీకి అనువాదం
How many times did you visit your grandparents last year?,గత సంవత్సరం మీరు మీ తాతామామలను ఎన్నిసార్లు సందర్శించారు?
"It was inevitable, wasn't it?","ఇది అనివార్యం, కాదా?"
Look what you've done to me.,మీరు నాకు ఏమి చేశారో చూడండి.
Didn't you know that Tom was planning to go to Australia?,టామ్ ఆస్ట్రేలియా వెళ్ళాలని యోచిస్తున్నాడని మీకు తెలియదా?
I see the dog.,నేను కుక్కను చూస్తాను.
Don't dress like a tourist.,పర్యాటకుడిలా దుస్తులు ధరించవద్దు.
How do you like that?,మీకు అది ఎలా ఇష్టం?
They arrived at the hotel.,వారు హోటల్ వద్దకు వచ్చారు.
"Why don't you leave, Tom?","టామ్, మీరు ఎందుకు వెళ్లరు?"
They took Tom to the hospital to have his stomach pumped because he ate something poisonous.,టామ్ విషపూరితమైన ఏదో తిన్నందున అతని కడుపు పంప్ చేయటానికి వారు ఆసుపత్రికి తీసుకువెళ్లారు.
"A mile is about 1,600 meters.","ఒక మైలు 1,600 మీటర్లు."
"These aren't yours, are they?",ఇవి మీవి కాదా?
Some boys came into the classroom.,కొంతమంది కుర్రాళ్ళు తరగతి గదిలోకి వచ్చారు.
I woke up three times during the night.,నేను రాత్రి సమయంలో మూడుసార్లు మేల్కొన్నాను.
"Lata Mangeshkar is a legendary Indian playback singer who has sung in over a thousand Hindi films, as well as in various other Indian and foreign languages.","లతా మంగేష్కర్ ఒక పురాణ భారతీయ నేపథ్య గాయని, ఆమె వెయ్యికి పైగా హిందీ చిత్రాలలో, అలాగే అనేక ఇతర భారతీయ మరియు విదేశీ భాషలలో పాడింది."
Everybody jumped into the pool.,అందరూ కొలనులోకి దూకేశారు.
Sai is feeling good,సాయికి మంచి అనుభూతి కలుగుతోంది
Was Tom the one who told you to do that?,టామ్ మీకు అలా చేయమని చెప్పాడా?
Tom was one of my better students.,టామ్ నా మంచి విద్యార్థులలో ఒకడు.
Tom isn't a student.,టామ్ విద్యార్థి కాదు.
Tom doesn't know how sick Mary is.,మేరీ ఎంత అనారోగ్యంతో ఉన్నారో టామ్‌కు తెలియదు.
Don't stare at people.,ప్రజలను తదేకంగా చూడకండి.
How often do you take a shower?,మీరు ఎంత తరచుగా స్నానం చేస్తారు?
Bring me the newspaper.,నాకు వార్తాపత్రిక తీసుకురండి.
Why are running very slowly?,ఎందుకు చాలా నెమ్మదిగా నడుస్తున్నాయి?
The result will satisfy him.,ఫలితం అతన్ని సంతృప్తిపరుస్తుంది.
You're turning red.,మీరు ఎరుపు రంగులోకి మారుతున్నారు.
"S. P. Balasubrahmanyam, was a legendary Indian playback singer and music composer who primarily worked in the Tamil, Telugu, Kannada, Hindi, and Malayalam film industries.","S. P. బాలసుబ్రహ్మణ్యం, ప్రముఖ భారతీయ నేపథ్య గాయకుడు మరియు సంగీత స్వరకర్త, అతను ప్రధానంగా తమిళం, తెలుగు, కన్నడ, హిందీ మరియు మలయాళ చిత్ర పరిశ్రమలలో పనిచేశాడు."
We go fishing together once in a while.,మేము ఒక్కసారి కలిసి చేపలు పట్టడానికి వెళ్తాము.
I couldn't eat fish when I was a child.,నేను చిన్నతనంలో చేపలు తినలేను.
"Odd, isn't it? We should have already arrived.","బేసి, కాదా?"
No one's hungry.,ఎవరికీ ఆకలి లేదు.
Who is your favorite pianist?,మీకు ఇష్టమైన పియానిస్ట్ ఎవరు?
Didn't you know that Tom and I needed to do that?,టామ్ మరియు నేను అలా చేయాల్సిన అవసరం ఉందని మీకు తెలియదా?
It's likely a mistake.,ఇది పొరపాటు.
How many people are on board the ship?,ఓడలో ఎంత మంది ఉన్నారు?
She's thirty-three.,ఆమె ముప్పై మూడు.
There are three printing presses in the workshop.,వర్క్‌షాప్‌లో మూడు ప్రింటింగ్ ప్రెస్‌లు ఉన్నాయి.
Do you know anybody who speaks five languages?,ఐదు భాషలు మాట్లాడే ఎవరైనా మీకు తెలుసా?
Please don't tell anyone I did that.,నేను అలా చేశానని ఎవరికీ చెప్పవద్దు.
I sat down next to him.,నేను అతని పక్కన కూర్చున్నాను.
Maybe the doctor can give Tom something for the pain.,బహుశా డాక్టర్ టామ్ నొప్పికి ఏదైనా ఇవ్వవచ్చు.
"Nellore has a rich history and cultural heritage, with several historical landmarks and temples that attract tourists from all over the world.","నెల్లూరుకు గొప్ప చరిత్ర మరియు సాంస్కృతిక వారసత్వం ఉంది, అనేక చారిత్రక ప్రదేశాలు మరియు దేవాలయాలు ప్రపంచం నలుమూలల నుండి పర్యాటకులను ఆకర్షిస్తాయి."
Tom isn't my uncle.,టామ్ నా మామయ్య కాదు.
What would you do in my position?,నా స్థానంలో మీరు ఏమి చేస్తారు?
The computer is broken.,కంప్యూటర్ విరిగిపోయింది.
I didn't get the joke.,నాకు జోక్ రాలేదు.
I didn't swim because it was too cold.,చాలా చల్లగా ఉన్నందున నేను ఈత కొట్టలేదు.
I don't think I've ever been this happy.,నేను ఇంత సంతోషంగా ఉన్నానని నేను అనుకోను.
Brother,సోదరుడు
I think you know what I'm talking about.,నేను ఏమి మాట్లాడుతున్నానో మీకు తెలుసని అనుకుంటున్నాను.
Tom is wearing an expensive suit.,టామ్ ఖరీదైన సూట్ ధరించి ఉన్నాడు.
The city has a railway station that is part of the South Central Railway network.,నగరంలో దక్షిణ మధ్య రైల్వే నెట్‌వర్క్‌లో భాగమైన రైల్వే స్టేషన్ ఉంది.
Tom and I both live and work in Australia.,టామ్ మరియు నేను ఇద్దరూ ఆస్ట్రేలియాలో నివసిస్తున్నాము మరియు పని చేస్తున్నాము.
The door must not be left open.,తలుపు తెరిచి ఉంచకూడదు.
Tom is our foster son.,టామ్ మా పెంపుడు కొడుకు.
I haven't talked to Tom in a very long time.,నేను టామ్‌తో చాలా కాలం మాట్లాడలేదు.
"Tom is 13, but he still believes in Santa.","టామ్ వయసు 13, కానీ అతను ఇప్పటికీ శాంటాను నమ్ముతాడు."
Has Tom cleaned his room yet?,టామ్ తన గదిని ఇంకా శుభ్రం చేశాడా?
I warned Tom not to come here.,టామ్‌ను ఇక్కడికి రానివ్వమని హెచ్చరించాను.
The temple is one of the oldest and most prominent temples in Nellore.,ఈ ఆలయం నెల్లూరులోని పురాతన మరియు ప్రముఖ దేవాలయాలలో ఒకటి.
Stop acting like such a fool.,అలాంటి మూర్ఖుడిలా వ్యవహరించడం మానేయండి.
Was that Tom you were just talking to?,ఆ టామ్ మీరు ఇప్పుడే మాట్లాడుతున్నారా?
I'm very glad that I didn't do that.,నేను అలా చేయనందుకు చాలా సంతోషంగా ఉంది.
I suppose you'll be studying all day tomorrow.,మీరు రేపు రోజంతా చదువుతారని అనుకుందాం.
I was really depressed.,నేను నిజంగా నిరాశకు గురయ్యాను.
i am very tired,నేను బాగా అలసిపోయాను
Tom married a girl much younger than himself.,టామ్ తనకన్నా చాలా చిన్న అమ్మాయిని వివాహం చేసుకున్నాడు.
Tom cut off Mary's head.,టామ్ మేరీ తల కత్తిరించాడు.
Do you have a piano?,మీకు పియానో ఉందా?
I'm not going to sing.,నేను పాడటానికి వెళ్ళడం లేదు.
I'd never seen you so afraid before.,నేను ఇంతకు ముందు మిమ్మల్ని ఇంత భయంతో చూడలేదు.
Both spellings are correct.,రెండు స్పెల్లింగ్‌లు సరైనవి.
The waiter came over to take away Tom's empty plate.,టామ్ యొక్క ఖాళీ ప్లేట్ తీసివేయడానికి వెయిటర్ వచ్చాడు.
Tom and Mary are both right.,టామ్ మరియు మేరీ ఇద్దరూ సరైనవారు.
I ran to school.,నేను బడికి పరిగెత్తాను.
"I admit, I'm not the tidiest person in the world.","నేను అంగీకరిస్తున్నాను, నేను ప్రపంచంలో చక్కని వ్యక్తిని కాదు."
We know what to expect.,ఏమి ఆశించాలో మాకు తెలుసు.
Tom knew that Mary was awake.,మేరీ మేల్కొని ఉన్నాడని టామ్ కి తెలుసు.
Tom noticed Mary was there.,మేరీ అక్కడ ఉన్నట్లు టామ్ గమనించాడు.
We were supposed to tell everyone to leave.,మేము ప్రతి ఒక్కరినీ వదిలి వెళ్ళమని చెప్పాల్సి ఉంది.
He can touch his nose with his tongue.,అతను తన నాలుకతో ముక్కును తాకగలడు.
It's not too hard.,ఇది చాలా కష్టం కాదు.
Tom wanted me to drive.,టామ్ నన్ను డ్రైవ్ చేయాలనుకున్నాడు.
There was a bridge across each river.,ప్రతి నదికి ఒక వంతెన ఉండేది.
Tom is the youngest of my three children.,టామ్ నా ముగ్గురు పిల్లలలో చిన్నవాడు.
The librarian looked quite sick.,లైబ్రేరియన్ చాలా అనారోగ్యంగా కనిపించాడు.
I don't really want to go fishing with Tom.,నేను నిజంగా టామ్‌తో చేపలు పట్టడానికి ఇష్టపడను.
Here's where they usually have dinner.,ఇక్కడ వారు సాధారణంగా విందు చేస్తారు.
Tom pointed to his chest.,టామ్ అతని ఛాతీ వైపు చూపించాడు.
girl,అమ్మాయి
I can assure you that you are wrong.,మీరు తప్పు అని నేను మీకు భరోసా ఇవ్వగలను.
Tom read Mary a bedtime story.,టామ్ మేరీకి నిద్రవేళ కథ చదివాడు.
You were my inspiration.,మీరు నా ప్రేరణ.
I have news about Tom.,టామ్ గురించి నాకు వార్తలు ఉన్నాయి.
Tom works at a nearby restaurant.,టామ్ సమీపంలోని రెస్టారెంట్‌లో పనిచేస్తాడు.
Tom can't answer.,టామ్ సమాధానం చెప్పలేడు.
Her explanation of the problem was nonsense.,సమస్య గురించి ఆమె వివరణ అర్ధంలేనిది.
I want to be ready for anything.,నేను దేనికైనా సిద్ధంగా ఉండాలనుకుంటున్నాను.
You must clear the table.,మీరు పట్టికను క్లియర్ చేయాలి.
We will now report on this year's business results.,మేము ఇప్పుడు ఈ సంవత్సరం వ్యాపార ఫలితాలపై నివేదిస్తాము.
I wish I had Tom's brains.,నేను టామ్ యొక్క మెదడులను కలిగి ఉండాలని కోరుకుంటున్నాను.
Tom has got nowhere to go.,టామ్ ఎక్కడికి వెళ్ళలేదు.
We've all seen that before.,మనమందరం ఇంతకు ముందు చూశాము.
Tom seems bored.,టామ్ విసుగు చెందినట్లుంది.
I behaved myself.,నేనే ప్రవర్తించాను.
I had to drop out of college and get a job.,నేను కాలేజీ నుండి తప్పుకొని ఉద్యోగం పొందవలసి వచ్చింది.
I don't think that Tom is ever going to get married.,టామ్ ఎప్పుడూ పెళ్లి చేసుకోబోతున్నాడని నేను అనుకోను.
Make sure to back up all your files.,మీ అన్ని ఫైల్‌లను బ్యాకప్ చేయాలని నిర్ధారించుకోండి.
"If Tom is happy, I'm happy.","టామ్ సంతోషంగా ఉంటే, నేను సంతోషంగా ఉన్నాను."
I will win the game next time.,నేను తదుపరిసారి ఆట గెలవను.
I haven't had this much fun in years.,నేను సంవత్సరాలలో చాలా ఆనందించలేదు.
That result was predictable.,ఆ ఫలితం able హించదగినది.
Here are your wages for the last month.,గత నెలలో మీ వేతనాలు ఇక్కడ ఉన్నాయి.
We're coming.,మేము వస్తున్నాము.
Official Information,అధికారిక సమాచారం
I'll phone you as soon as I get to the airport.,నేను విమానాశ్రయానికి వచ్చిన వెంటనే మీకు ఫోన్ చేస్తాను.
I told Tom to go to the police.,నేను టామ్‌ను పోలీసుల వద్దకు వెళ్ళమని చెప్పాను.
Tom is their leader.,టామ్ వారి నాయకుడు.
I thought Tom and Mary were married.,టామ్ మరియు మేరీ వివాహం చేసుకున్నారని నేను అనుకున్నాను.
It's pretty amazing.,ఇది చాలా అద్భుతంగా ఉంది.
Tom likes watching action movies.,టామ్ యాక్షన్ సినిమాలు చూడటం ఇష్టపడతాడు.
Tom said Mary was quite heavy.,టామ్ మేరీ చాలా బరువుగా ఉన్నాడు.
Not a sound was heard.,శబ్దం వినబడలేదు.
Tom sent Mary to summer camp.,టామ్ మేరీని సమ్మర్ క్యాంప్‌కు పంపాడు.
This isn't for sale.,ఇది అమ్మకానికి లేదు.
Happy Birthday to you.,నీకు పుట్టిన రోజు శుభాకాంక్షలు.
I really liked the movie.,నాకు సినిమా నిజంగా నచ్చింది.
I think that it's time for us to tell Tom the truth.,టామ్‌కు నిజం చెప్పే సమయం ఆసన్నమైందని నేను భావిస్తున్నాను.
There is probably an easy solution to the problem.,సమస్యకు సులభమైన పరిష్కారం బహుశా ఉంది.
Tom's career is over.,టామ్ కెరీర్ ముగిసింది.
Look what I found on my way home.,ఇంటికి వెళ్ళేటప్పుడు నేను కనుగొన్నదాన్ని చూడండి.
It's almost dawn and nothing's happened yet.,ఇది దాదాపు తెల్లవారుజాము మరియు ఇంకా ఏమీ జరగలేదు.
I know the boy.,నాకు అబ్బాయి తెలుసు.
I think Tom is gone.,టామ్ పోయిందని అనుకుంటున్నాను.
I did everything the way Tom told me to do it.,టామ్ చెప్పినట్లు చెప్పినట్లు నేను ప్రతిదీ చేసాను.
The police lowered their weapons.,పోలీసులు వారి ఆయుధాలను తగ్గించారు.
Let's forget it.,దాన్ని మరచిపోదాం.
Evil sometimes wins.,చెడు కొన్నిసార్లు గెలుస్తుంది.
Tom is walking in college premises.,టామ్ కాలేజీ ఆవరణలో నడుస్తున్నాడు.
This is the hottest summer that we have had in thirty years.,ముప్పై ఏళ్ళలో మనకు ఉన్న హాటెస్ట్ వేసవి ఇది.
Where exactly does Tom live?,టామ్ సరిగ్గా ఎక్కడ నివసిస్తాడు?
Tom told me you were afraid.,టామ్ నాకు భయపడ్డాడని చెప్పాడు.
We need three cups.,మాకు మూడు కప్పులు అవసరం.
You must try and come to the party.,మీరు తప్పక ప్రయత్నించాలి మరియు పార్టీకి రావాలి.
It's an illusion.,ఇది ఒక భ్రమ.
I have had quite enough of his jokes.,నేను అతని జోకులు చాలా ఉన్నాయి.
That's probably what they'll say.,బహుశా వారు చెప్పేది అదే.
Please tell us what happened.,దయచేసి ఏమి జరిగిందో మాకు చెప్పండి.
I like your apartment.,నేను మీ అపార్ట్మెంట్ను ఇష్టపడుతున్నాను.
I've fixed the radio for him.,నేను అతని కోసం రేడియోను పరిష్కరించాను.
I hate myself.,నన్ను నేను ద్వేషిస్తున్నాను.
I cannot possibly help you.,నేను మీకు సహాయం చేయలేను.
Tom turned down the radio.,టామ్ రేడియోను తిరస్కరించాడు.
You can't take it with you.,మీరు దానిని మీతో తీసుకోలేరు.
Things changed after that.,ఆ తర్వాత పరిస్థితులు మారిపోయాయి.
We're thinking about putting our house up for sale.,మేము మా ఇంటిని అమ్మకానికి పెట్టడం గురించి ఆలోచిస్తున్నాము.
"During the break, I went to look for Tom in the lobby.","విరామ సమయంలో, నేను లాబీలో టామ్ కోసం వెతకడానికి వెళ్ళాను."
I never asked you to do that.,నేను ఎప్పుడూ అలా చేయమని మిమ్మల్ని అడగలేదు.
School begins in April.,పాఠశాల ఏప్రిల్‌లో ప్రారంభమవుతుంది.
Tom asked me for my phone number.,టామ్ నా ఫోన్ నంబర్ అడిగారు.
Tom couldn't wait until the weekend.,టామ్ వారాంతం వరకు వేచి ఉండలేకపోయాడు.
They say that Isabela died.,ఇసాబెలా మరణించాడని వారు అంటున్నారు.
"I couldn't sleep last night, so I decided to watch a horror movie.","నేను గత రాత్రి నిద్రపోలేను, కాబట్టి నేను హర్రర్ సినిమా చూడాలని నిర్ణయించుకున్నాను."
The customer agrees.,కస్టమర్ అంగీకరిస్తాడు.
I'm quite lazy.,నేను చాలా బద్ధకంగా ఉన్నాను.
I have an excuse.,నాకు ఒక అవసరం లేదు.
I want Tom to read this.,టామ్ దీన్ని చదవాలని నేను కోరుకుంటున్నాను.
Please show me how to do that.,దయచేసి దీన్ని ఎలా చేయాలో నాకు చూపించండి.
That's precisely what Tom did.,టామ్ చేసినది అదే.
Tom has an earache.,టామ్‌కు చెవి ఉంది.
I don't know Malayalam.,నాకు మలయాళం రాదు.
I have no money with me.,నా దగ్గర డబ్బు లేదు.
It started as a hobby.,ఇది ఒక అభిరుచిగా ప్రారంభమైంది.
Some people think that hang gliding is a dangerous sport.,కొంతమంది హాంగ్ గ్లైడింగ్ ప్రమాదకరమైన క్రీడ అని భావిస్తారు.
They'll kill me.,వారు నన్ను చంపుతారు.
You were treated unfairly.,మీకు అన్యాయంగా ప్రవర్తించారు.
We're firing you.,మేము మిమ్మల్ని తొలగిస్తున్నాము.
A temple is a building reserved for spiritual rituals and activities such as prayer and sacrifice.,దేవాలయం అనేది ఆధ్యాత్మిక ఆచారాలు మరియు ప్రార్థన మరియు త్యాగం వంటి కార్యకలాపాల కోసం ప్రత్యేకించబడిన భవనం.
That actress is as beautiful as ever.,ఆ నటి ఎప్పటిలాగే అందంగా ఉంది.
I can help you now.,నేను ఇప్పుడు మీకు సహాయం చేయగలను.
The plank froze to the ground.,ప్లాంక్ నేలమీద గడ్డకట్టింది.
Tom tried to hide his confusion.,టామ్ తన గందరగోళాన్ని దాచడానికి ప్రయత్నించాడు.
slowly,నెమ్మదిగా
Tom thinks that he's always right.,టామ్ అతను ఎప్పుడూ సరైనవాడు అని అనుకుంటాడు.
Don't panic!,భయపడవద్దు!
The cat is in the box.,పిల్లి పెట్టెలో ఉంది.
He is capable of teaching French.,అతను ఫ్రెంచ్ బోధించే సామర్థ్యం కలిగి ఉంటాడు.
I heard about what happened.,నేను ఏమి జరిగిందో విన్నాను.
That I can't tell you.,నేను మీకు చెప్పలేను.
Tom handed Mary a check for half a million dollars.,టామ్ మేరీకి అర మిలియన్ డాలర్ల చెక్కును ఇచ్చాడు.
Please lock the door.,దయచేసి తలుపు లాక్ చేయండి.
Thank you very much for the useful advice.,ఉపయోగకరమైన సలహా కోసం చాలా ధన్యవాదాలు.
We've hired a new coach.,మేము కొత్త కోచ్‌ను నియమించాము.
I'm sure it'll pass.,అది పాస్ అవుతుందని నేను ఖచ్చితంగా అనుకుంటున్నాను.
I think I can come over this afternoon.,నేను ఈ మధ్యాహ్నం రావచ్చని అనుకుంటున్నాను.
I don't think that we'll ever know what happened to Tom.,టామ్కు ఏమి జరిగిందో మనకు ఎప్పటికి తెలుస్తుందని నేను అనుకోను.
I wonder if Tom has ever been to Boston.,టామ్ ఎప్పుడైనా బోస్టన్‌కు వెళ్ళాడా అని నేను ఆశ్చర్యపోతున్నాను.
We have to get out of here fast.,మేము వేగంగా ఇక్కడి నుండి బయటపడాలి.
Indian,భారతీయుడు
I'd like to ask you for some advice.,నేను మిమ్మల్ని కొన్ని సలహాలు అడగాలనుకుంటున్నాను.
That's a nice thought.,ఇది మంచి ఆలోచన.
I won't have time this evening.,ఈ సాయంత్రం నాకు సమయం ఉండదు.
It is my strict warning.,ఇది నా కఠినమైన హెచ్చరిక.
"If he's still alive, he'd be very old by now.","అతను ఇంకా బతికే ఉంటే, అతను ఇప్పుడు చాలా వయస్సులో ఉంటాడు."
"I will accept the work, provided that you help me.",మీరు నాకు సహాయం చేస్తే నేను పనిని అంగీకరిస్తాను.
Tom looked out the window and saw Mary.,టామ్ కిటికీలోంచి చూస్తూ మేరీని చూశాడు.
Do you have a birthmark?,మీకు బర్త్‌మార్క్ ఉందా?
Source,మూలం
Hindi language is known as Hindustan ki Bhasha.,హిందీ భాషను హిందుస్థాన్ కి భాష అంటారు.
Tom has started writing a novel.,టామ్ ఒక నవల రాయడం ప్రారంభించాడు.
Never hesitate to tell the truth.,నిజం చెప్పడానికి ఎప్పుడూ వెనుకాడరు.
Are you staying for dinner?,మీరు విందు కోసం ఉంటున్నారా?
I'm not telling you his name.,నేను అతని పేరు మీకు చెప్పడం లేదు.
I'd have told you that.,నేను మీకు చెప్పాను.
The milk tastes sour.,పాలు పుల్లని రుచి చూస్తాయి.
"You can pretend to be serious, but you can't pretend to be funny.","మీరు గంభీరంగా ఉన్నట్లు నటించవచ్చు, కానీ మీరు ఫన్నీగా నటించలేరు."
That's a stupid rule.,అది తెలివితక్కువ నియమం.
Tom is old enough to drive.,టామ్ డ్రైవ్ చేసేంత వయస్సు.
Tom told me that he'd be home on Monday.,టామ్ సోమవారం ఇంటికి వస్తానని చెప్పాడు.
Tom wants to play tennis with Mary.,టామ్ మేరీతో టెన్నిస్ ఆడాలనుకుంటున్నాడు.
I wasn't looking at you.,నేను మీ వైపు చూడటం లేదు.
He is now almost as tall as his father is.,అతను ఇప్పుడు తన తండ్రి ఉన్నంత ఎత్తులో ఉన్నాడు.
Did you forget to feed the dog?,మీరు కుక్కకు ఆహారం ఇవ్వడం మర్చిపోయారా?
Tom has written a book about birds.,టామ్ పక్షుల గురించి ఒక పుస్తకం రాశాడు.
i am going to sleep,నేను నిద్రించటానికి వెళుతున్నాను
Tom didn't even know who Mary was.,టామ్ మేరీ ఎవరో కూడా తెలియదు.
